paso,puntaje,largo
3056,55.0,383
3136,80.0,393
3336,50.0,418
3488,110.0,437
3968,155.0,497
4360,225.0,546
4440,315.0,556
5824,35.0,292
6264,280.0,784
6336,80.0,296
6784,160.0,431
7208,140.0,509
7784,45.0,428
8160,185.0,465
9056,110.0,404
9904,230.0,856
10640,110.0,482
10960,210.0,587
11096,190.0,595
11408,20.0,294
11832,160.0,578
12168,210.0,548
12968,135.0,601
14760,40.0,366
15016,110.0,451
15272,45.0,288
15856,240.0,652
15936,155.0,605
16552,260.0,699
16632,210.0,558
17064,95.0,288
17144,210.0,905
17528,5.0,314
19520,65.0,297
19824,90.0,486
19904,110.0,409
20032,210.0,595
21520,230.0,708
21544,195.0,624
21704,180.0,522
22216,75.0,299
22432,45.0,300
23384,155.0,790
23440,155.0,490
23888,160.0,498
24992,80.0,411
25648,150.0,513
25744,110.0,441
26024,90.0,330
26880,180.0,556
27600,260.0,760
27848,180.0,551
28128,85.0,392
28608,80.0,370
29080,260.0,649
29392,20.0,314
29728,105.0,498
30912,40.0,288
30920,65.0,384
31384,110.0,473
31560,295.0,692
31848,175.0,465
32808,45.0,385
33056,65.0,458
34272,120.0,419
34784,135.0,367
34928,110.0,502
35328,80.0,284
35600,100.0,349
36464,205.0,613
37472,515.0,1049
37512,120.0,405
37712,390.0,791
37784,80.0,375
37848,65.0,365
39456,120.0,482
39472,80.0,376
40080,165.0,594
41464,125.0,499
41472,95.0,453
41584,105.0,484
41872,190.0,545
42168,50.0,261
42752,160.0,621
43680,180.0,528
44440,35.0,372
44632,70.0,308
45096,280.0,703
45552,90.0,460
45656,130.0,509
46456,210.0,623
46936,195.0,523
47840,80.0,425
47952,60.0,415
48464,230.0,598
49312,30.0,297
49648,115.0,499
49752,110.0,525
51368,95.0,427
51680,130.0,480
52208,110.0,468
53048,110.0,467
53336,280.0,860
53664,625.0,1071
53736,125.0,511
54544,45.0,292
54632,185.0,610
55424,135.0,468
55552,75.0,313
56744,135.0,376
57016,125.0,419
57216,110.0,485
57752,105.0,401
58792,625.0,928
59368,155.0,493
59776,210.0,379
59824,155.0,534
60120,55.0,296
60472,65.0,407
62408,410.0,972
63120,140.0,469
63520,0.0,468
63904,355.0,861
63904,135.0,473
64184,100.0,464
64656,80.0,281
64976,285.0,773
65528,455.0,713
67384,95.0,435
68192,210.0,501
68504,280.0,673
69048,325.0,691
69144,210.0,561
69624,210.0,581
70192,140.0,583
71128,465.0,903
71848,180.0,558
72160,105.0,389
72744,115.0,450
74088,215.0,558
74296,155.0,396
74344,265.0,769
75824,535.0,915
75904,210.0,507
76448,80.0,295
76456,180.0,464
76720,155.0,570
77568,135.0,409
78624,105.0,535
78888,410.0,1087
79008,65.0,286
79240,150.0,417
79704,30.0,407
80456,120.0,579
80624,80.0,382
80976,85.0,565
81536,85.0,364
82296,110.0,382
82544,120.0,457
84416,80.0,360
84552,35.0,447
86104,120.0,476
86200,505.0,812
86208,110.0,458
86264,140.0,726
86376,195.0,719
88440,340.0,1179
89544,150.0,418
89568,170.0,644
90072,95.0,496
90352,80.0,518
90736,35.0,287
90768,165.0,563
91840,470.0,683
92184,15.0,327
92480,460.0,991
92808,10.0,408
94280,135.0,491
94744,145.0,584
95560,75.0,465
95680,410.0,618
96016,75.0,479
96888,85.0,551
96928,45.0,331
97040,45.0,287
97120,160.0,539
99560,720.0,1099
99920,180.0,488
99992,155.0,388
100592,100.0,444
100592,195.0,614
100976,155.0,482
101208,145.0,535
101344,255.0,723
102312,70.0,344
102952,125.0,370
103872,210.0,494
104152,110.0,397
104232,50.0,378
104544,125.0,494
105704,210.0,639
105912,155.0,370
106608,180.0,537
106744,120.0,675
107024,25.0,359
107208,110.0,372
107232,80.0,420
108320,90.0,301
108560,35.0,357
109480,125.0,617
109728,45.0,312
109768,45.0,320
110408,135.0,475
110848,50.0,316
111456,80.0,362
111776,140.0,594
112608,170.0,733
112624,45.0,362
112976,30.0,266
113568,195.0,475
114488,50.0,379
114632,215.0,644
115048,180.0,580
115056,155.0,410
115464,30.0,355
116384,135.0,426
116592,45.0,378
117160,135.0,569
118448,35.0,373
118576,120.0,511
118608,40.0,278
118856,135.0,528
119416,185.0,546
120248,155.0,649
121896,385.0,663
121904,60.0,432
122232,135.0,453
122720,80.0,483
122968,285.0,726
123384,215.0,601
123392,80.0,497
124208,65.0,289
125080,20.0,264
125576,105.0,418
125976,230.0,716
126920,65.0,441
127368,185.0,683
127416,175.0,587
127712,130.0,541
127888,150.0,460
128824,165.0,468
129296,155.0,465
129312,110.0,417
130552,125.0,392
130784,125.0,483
131216,105.0,481
132296,110.0,573
133288,330.0,675
133664,135.0,605
134248,110.0,433
134504,195.0,651
134624,410.0,664
135064,110.0,564
135088,135.0,484
135592,55.0,288
136280,65.0,327
137576,270.0,660
137920,95.0,427
138224,75.0,450
138888,65.0,326
139168,115.0,513
139680,175.0,679
139800,180.0,589
140216,180.0,578
141664,120.0,468
141944,20.0,283
141952,180.0,547
142112,55.0,368
143736,15.0,259
143752,170.0,608
143912,150.0,711
144544,210.0,593
145320,40.0,401
145384,245.0,646
145792,120.0,481
147288,85.0,442
148456,135.0,489
148664,225.0,839
149744,150.0,751
150208,745.0,787
150976,80.0,289
151152,155.0,483
151320,480.0,750
151912,330.0,765
152248,120.0,474
152272,430.0,861
153432,35.0,403
153776,190.0,504
154720,50.0,351
155256,85.0,513
155432,35.0,395
155976,20.0,275
155992,155.0,584
156296,130.0,665
157792,175.0,693
158168,230.0,592
158728,155.0,501
159760,50.0,471
159840,80.0,443
160440,125.0,558
161080,270.0,706
161104,80.0,367
161784,255.0,816
162128,70.0,296
162192,80.0,433
163440,35.0,295
163840,195.0,756
164480,185.0,505
165616,235.0,722
165640,55.0,275
165760,155.0,497
165784,100.0,585
166080,155.0,486
167600,95.0,684
167872,85.0,504
167904,70.0,286
168184,35.0,303
168440,200.0,495
169624,180.0,498
170032,155.0,494
170776,65.0,363
171568,130.0,496
172184,130.0,468
172216,125.0,539
173136,115.0,388
173136,370.0,919
173864,110.0,530
174928,140.0,519
174976,280.0,849
176024,190.0,476
176536,65.0,334
176800,105.0,458
177008,195.0,680
178360,450.0,772
178680,40.0,463
178888,120.0,495
179088,55.0,383
179840,140.0,838
181120,155.0,514
181656,210.0,607
182760,50.0,459
183048,195.0,814
183880,180.0,624
183888,135.0,506
184192,45.0,384
184768,530.0,801
184928,170.0,781
184984,50.0,416
186248,110.0,400
186576,100.0,477
186848,135.0,370
187248,100.0,382
187376,105.0,437
188752,110.0,478
188976,120.0,499
189376,50.0,391
189456,125.0,586
189520,50.0,268
189840,25.0,324
190152,155.0,447
190904,170.0,507
192568,120.0,449
192760,155.0,501
193528,180.0,519
193592,155.0,509
193864,80.0,503
194224,120.0,509
194768,135.0,483
195568,320.0,764
195632,45.0,383
196712,125.0,494
196736,45.0,393
197440,185.0,447
197536,55.0,414
197872,90.0,388
198192,215.0,583
198656,120.0,386
200064,105.0,328
200320,145.0,586
200480,155.0,471
200536,130.0,375
201376,200.0,580
201720,180.0,481
202360,80.0,287
203392,115.0,592
203456,120.0,372
204272,185.0,494
204816,80.0,307
205400,350.0,901
205800,55.0,293
206016,115.0,580
206872,390.0,792
206896,230.0,647
207368,135.0,497
207712,75.0,430
208696,20.0,335
209248,125.0,554
209592,170.0,524
210104,55.0,404
210720,105.0,615
211248,105.0,544
211592,100.0,528
212480,240.0,596
212504,160.0,476
213880,115.0,472
214176,80.0,323
214240,230.0,624
215080,355.0,686
215544,105.0,380
216192,410.0,618
216984,55.0,343
217184,185.0,588
217600,380.0,860
218712,425.0,604
219192,105.0,375
219480,185.0,663
220048,75.0,306
220304,210.0,653
221520,265.0,747
221576,50.0,298
222352,60.0,288
222464,125.0,469
222624,465.0,680
222904,80.0,325
223456,320.0,809
225320,45.0,371
225360,170.0,480
225504,400.0,753
226552,160.0,622
226592,105.0,461
226936,195.0,559
227144,90.0,461
228280,80.0,365
228472,580.0,731
229264,55.0,291
229288,55.0,473
230360,135.0,476
230752,255.0,679
231224,155.0,510
231312,70.0,253
231560,175.0,621
232384,210.0,513
232720,20.0,246
234000,160.0,691
234016,160.0,594
234184,145.0,478
234880,170.0,457
235664,105.0,513
236016,35.0,252
236200,30.0,252
236600,115.0,485
237248,45.0,296
237368,240.0,623
238032,370.0,840
238104,50.0,305
238608,60.0,301
240232,135.0,527
240344,190.0,791
240504,120.0,488
241168,110.0,475
243112,275.0,635
243496,210.0,611
243568,110.0,417
244000,325.0,844
244184,210.0,480
245328,670.0,903
245472,140.0,538
245576,30.0,251
246120,60.0,376
246128,85.0,329
247448,315.0,868
247928,100.0,468
248496,40.0,297
248784,135.0,414
248952,270.0,619
249288,135.0,395
249352,70.0,472
251272,295.0,743
251280,120.0,479
251360,140.0,358
252336,45.0,444
252344,105.0,382
253312,45.0,254
254312,185.0,620
254576,245.0,703
255296,525.0,921
255712,135.0,422
255864,70.0,563
256000,305.0,591
256168,100.0,357
257392,90.0,352
257800,75.0,261
258200,75.0,292
258568,115.0,300
259048,210.0,592
259160,610.0,852
260568,195.0,571
261336,145.0,493
261752,290.0,807
261760,145.0,495
261856,95.0,457
263464,180.0,538
264184,240.0,702
264496,215.0,681
264664,75.0,351
265000,90.0,405
265240,165.0,584
267280,245.0,691
267928,60.0,468
268040,115.0,380
268200,400.0,858
268496,365.0,500
269176,205.0,564
269680,235.0,555
271040,65.0,318
271696,110.0,471
271888,160.0,481
272520,385.0,1132
272904,80.0,466
273152,15.0,434
273608,70.0,676
274488,155.0,431
274744,535.0,933
274896,125.0,400
275608,150.0,386
276320,60.0,427
276680,440.0,599
276928,150.0,472
277184,30.0,286
277328,125.0,465
278992,60.0,289
279272,100.0,293
279744,220.0,657
280432,60.0,406
280848,230.0,655
281448,110.0,515
281616,320.0,859
281816,205.0,687
281944,80.0,369
283112,105.0,421
283184,120.0,489
283896,75.0,306
284552,115.0,342
285152,15.0,246
285296,70.0,273
285400,220.0,621
286392,75.0,312
286568,165.0,578
287320,155.0,713
288432,70.0,392
288560,75.0,395
288576,380.0,503
289008,170.0,482
289808,530.0,1120
289824,155.0,429
290096,105.0,347
291248,230.0,585
291664,125.0,386
291824,115.0,408
292256,115.0,406
293184,245.0,594
295016,330.0,649
295424,235.0,666
295552,175.0,466
295728,175.0,508
296504,175.0,531
296656,375.0,856
297224,290.0,747
297640,25.0,239
297744,70.0,290
298480,320.0,662
298792,135.0,472
299712,80.0,382
299992,45.0,281
300328,35.0,388
300528,50.0,256
300656,110.0,377
300712,140.0,526
301368,135.0,322
302344,55.0,294
302784,95.0,282
303616,140.0,488
304208,195.0,485
304568,160.0,482
304688,255.0,1142
305456,210.0,511
305896,265.0,655
306104,120.0,415
307328,180.0,390
307608,30.0,269
307632,145.0,502
308112,305.0,721
308208,65.0,289
308368,140.0,460
309536,335.0,621
309872,95.0,283
310336,70.0,278
311424,105.0,402
311744,90.0,276
311768,230.0,708
312160,415.0,566
312216,135.0,481
312800,170.0,684
314752,155.0,416
314944,155.0,634
315096,85.0,367
315216,125.0,302
315272,70.0,382
315304,185.0,621
315400,155.0,457
317248,60.0,288
317944,155.0,399
318408,120.0,414
319424,180.0,519
319688,215.0,559
320640,275.0,655
320968,290.0,708
321288,315.0,1190
321448,160.0,380
322152,200.0,613
322352,45.0,333
322424,135.0,375
323016,110.0,297
323104,230.0,645
324288,180.0,355
324304,110.0,377
324984,35.0,246
325240,135.0,386
326008,105.0,363
326296,150.0,666
326768,225.0,543
328072,160.0,471
328904,195.0,490
329096,175.0,601
329976,260.0,592
330104,50.0,254
330304,455.0,994
330792,230.0,562
330824,210.0,507
332168,305.0,770
332920,155.0,352
333016,185.0,490
333024,155.0,515
334576,160.0,534
334712,250.0,592
336216,180.0,506
336656,345.0,729
337080,65.0,296
337152,215.0,795
337776,235.0,594
338408,220.0,686
338576,150.0,500
339408,80.0,291
339592,135.0,367
340064,105.0,286
340840,335.0,978
340872,105.0,287
340936,415.0,590
342376,210.0,371
343384,120.0,415
344008,180.0,700
344712,135.0,480
345176,210.0,530
345264,225.0,1014
345560,325.0,746
347448,230.0,508
348144,420.0,913
348288,210.0,378
348424,765.0,756
348992,210.0,477
349192,235.0,648
349480,210.0,490
350592,110.0,393
350608,105.0,308
350712,105.0,303
351184,105.0,274
351264,345.0,819
351776,155.0,287
352240,185.0,381
352296,210.0,484
352864,80.0,284
353768,130.0,382
353784,180.0,397
355184,135.0,368
355776,155.0,435
355968,80.0,275
356256,445.0,634
356416,210.0,644
358184,235.0,665
358984,590.0,901
359096,190.0,664
359984,240.0,600
360264,160.0,481
360584,285.0,601
360960,225.0,624
361104,210.0,606
362296,230.0,514
362936,135.0,294
363016,125.0,490
363280,210.0,412
364024,255.0,630
365320,180.0,378
365352,210.0,549
365768,240.0,688
365832,210.0,352
366128,410.0,628
366856,155.0,490
368096,210.0,602
368112,105.0,285
369144,295.0,640
369152,160.0,378
369368,210.0,502
370200,300.0,554
370896,120.0,505
371080,180.0,373
371536,240.0,777
371536,135.0,428
372416,110.0,277
373016,120.0,484
373232,180.0,483
374616,260.0,683
375440,185.0,488
375848,215.0,596
376928,180.0,489
377016,295.0,685
377560,445.0,643
377864,180.0,406
377952,350.0,882
378128,255.0,612
378504,135.0,383
379656,140.0,476
380936,120.0,384
381224,90.0,409
381856,210.0,605
381904,215.0,543
382008,235.0,635
382912,210.0,598
383032,185.0,566
383944,260.0,536
386168,185.0,533
386472,240.0,656
386848,440.0,624
386904,180.0,499
386928,210.0,487
388240,360.0,779
388680,395.0,968
388984,230.0,630
389104,100.0,275
389720,135.0,359
389888,160.0,427
390432,210.0,533
391528,105.0,303
391784,180.0,607
392424,155.0,523
392968,210.0,498
393160,180.0,560
393448,135.0,445
393576,180.0,482
393712,135.0,410
395648,210.0,515
395736,35.0,253
395864,160.0,362
396224,180.0,555
396384,135.0,367
396576,180.0,519
397512,180.0,492
397696,100.0,256
400488,180.0,578
400784,350.0,526
400888,235.0,644
400896,155.0,584
401360,135.0,481
401728,240.0,668
401840,210.0,518
401976,420.0,1102
402712,55.0,278
404088,105.0,295
405184,150.0,537
405624,210.0,533
405768,210.0,609
406152,440.0,671
407160,225.0,648
407528,410.0,602
408104,180.0,502
408600,455.0,845
409712,210.0,511
410376,360.0,528
410528,265.0,668
411064,330.0,662
411432,180.0,534
411688,120.0,520
412464,210.0,545
413304,210.0,588
413768,150.0,507
414360,120.0,498
414656,180.0,516
414824,105.0,392
415872,120.0,426
416448,240.0,673
416488,225.0,632
417416,120.0,456
417432,135.0,384
417440,120.0,517
417720,130.0,362
419384,410.0,591
420616,160.0,516
421064,105.0,454
421728,290.0,660
421808,210.0,546
421832,150.0,514
421944,380.0,566
422000,370.0,766
423928,95.0,275
424344,225.0,620
424392,60.0,320
425608,130.0,475
425672,410.0,632
425704,160.0,470
426336,275.0,542
426592,95.0,275
427784,110.0,482
429440,135.0,467
429464,215.0,640
429584,420.0,1065
429616,150.0,493
429736,180.0,516
430120,135.0,473
431176,150.0,424
432792,550.0,775
433328,165.0,486
433416,145.0,479
433496,110.0,485
433560,180.0,478
434112,155.0,367
434432,210.0,621
435408,275.0,661
436224,105.0,341
436480,135.0,365
437208,185.0,552
437240,210.0,478
437376,180.0,408
437680,255.0,544
438472,170.0,505
439944,120.0,338
440840,225.0,577
441192,155.0,477
441656,225.0,556
441792,215.0,798
442144,105.0,275
442264,280.0,723
442416,150.0,493
442768,455.0,636
444760,185.0,388
444920,155.0,347
445032,135.0,480
445040,210.0,525
445720,135.0,369
445992,165.0,466
446728,225.0,539
447232,60.0,275
447424,255.0,704
448080,155.0,395
448488,180.0,466
448768,155.0,466
449456,105.0,278
449600,155.0,451
449624,120.0,488
449896,210.0,396
451296,180.0,484
452920,210.0,519
453504,135.0,488
453656,150.0,504
453824,450.0,718
453992,210.0,567
454240,230.0,543
455360,185.0,508
456184,425.0,962
456504,135.0,356
457232,260.0,539
458024,210.0,525
458048,220.0,568
458432,185.0,555
459312,210.0,494
459720,110.0,442
459888,335.0,706
460336,180.0,479
460552,210.0,415
462280,225.0,529
463080,290.0,632
463760,210.0,505
463936,210.0,506
464312,240.0,625
464984,185.0,581
465448,365.0,877
466072,150.0,474
466152,270.0,700
467184,210.0,513
467792,210.0,504
468656,260.0,590
468672,205.0,545
468800,180.0,477
469696,210.0,531
470656,125.0,434
471112,80.0,307
471912,125.0,277
471928,155.0,517
472608,210.0,492
472864,185.0,508
473080,275.0,866
473616,180.0,370
474416,620.0,1043
474920,155.0,476
474960,180.0,381
475784,135.0,482
476424,180.0,351
476904,215.0,537
477048,240.0,523
477128,100.0,339
478496,340.0,677
478792,125.0,376
479152,185.0,529
479536,65.0,311
479928,135.0,350
480592,285.0,704
481664,260.0,595
482312,155.0,440
482560,150.0,378
482848,210.0,462
483392,665.0,871
483456,220.0,620
483608,185.0,377
483784,105.0,482
485504,210.0,480
486208,210.0,420
486240,180.0,460
486448,205.0,517
486672,210.0,402
486696,135.0,413
486744,180.0,370
487320,210.0,464
489616,160.0,422
489712,180.0,371
490016,160.0,415
490048,260.0,568
490104,210.0,487
490648,230.0,525
490712,210.0,505
491368,240.0,506
492560,155.0,356
493008,135.0,370
493224,120.0,451
494024,115.0,414
494384,225.0,546
494960,260.0,607
495400,145.0,504
495888,150.0,360
496312,270.0,708
496528,210.0,496
497520,230.0,537
498136,225.0,514
498664,215.0,535
499272,180.0,370
499464,185.0,563
499544,170.0,518
499568,120.0,380
500776,210.0,407
502136,305.0,781
502232,175.0,512
502976,195.0,539
503080,135.0,439
503128,210.0,482
503296,105.0,315
503320,210.0,472
503608,240.0,518
505680,120.0,431
506088,210.0,494
506624,180.0,413
506824,180.0,468
507296,180.0,461
507464,240.0,542
507584,230.0,536
507608,230.0,579
509344,210.0,458
510016,210.0,491
510608,215.0,498
510792,245.0,496
511112,210.0,477
511336,210.0,466
511464,215.0,500
511576,210.0,499
513000,125.0,276
513712,235.0,546
514088,90.0,328
514144,240.0,516
514512,135.0,367
514632,210.0,503
514736,210.0,425
515056,215.0,493
517008,205.0,501
517384,210.0,412
517824,195.0,514
517984,210.0,419
518040,210.0,413
518408,255.0,487
518920,210.0,483
520408,460.0,783
520984,180.0,450
521304,180.0,408
521656,285.0,581
521744,210.0,490
521880,155.0,434
521896,215.0,489
523184,385.0,533
524296,135.0,300
524584,210.0,522
524608,180.0,369
524792,150.0,476
525432,200.0,516
525648,250.0,488
526000,205.0,515
527416,140.0,529
527976,160.0,460
528152,210.0,420
528192,210.0,448
528320,210.0,467
528736,135.0,413
529544,210.0,487
529680,180.0,460
530704,180.0,411
531568,180.0,427
531736,180.0,470
532136,215.0,477
532376,210.0,523
532600,180.0,483
532808,155.0,408
534120,210.0,427
535144,380.0,683
536088,195.0,494
536152,155.0,418
536408,230.0,584
536408,230.0,605
536704,205.0,541
537312,125.0,399
538360,530.0,720
538808,105.0,458
539216,105.0,391
539808,210.0,425
540200,140.0,437
540416,210.0,533
541096,215.0,473
542376,300.0,746
542664,185.0,482
542952,210.0,467
543176,225.0,602
543768,180.0,446
544304,155.0,486
544352,440.0,568
544848,225.0,469
546856,110.0,386
547168,170.0,499
547328,225.0,547
547336,255.0,620
547592,210.0,411
547640,150.0,411
548024,100.0,397
548520,420.0,732
550056,155.0,400
551072,210.0,488
551208,180.0,446
551336,235.0,500
551368,180.0,505
551408,210.0,423
551520,210.0,491
552624,215.0,513
553616,210.0,445
554288,80.0,402
554304,105.0,371
555048,210.0,460
555216,210.0,476
555344,220.0,517
555496,215.0,497
555808,180.0,398
556912,185.0,412
557320,185.0,379
557552,210.0,406
558688,150.0,399
558776,180.0,466
558944,210.0,466
559128,210.0,473
559520,180.0,464
560576,210.0,458
560984,210.0,458
561632,240.0,510
562256,155.0,446
562440,185.0,414
563008,210.0,529
563088,285.0,518
563272,210.0,469
564736,210.0,469
565152,245.0,572
565696,185.0,508
565784,180.0,418
566752,150.0,458
566760,200.0,563
566896,180.0,453
567272,210.0,533
568600,210.0,483
568656,180.0,438
568832,145.0,381
569288,180.0,449
570024,80.0,409
571048,180.0,519
571560,105.0,284
571896,180.0,405
572800,210.0,525
572976,580.0,777
573880,210.0,482
574128,395.0,857
574552,155.0,374
574608,345.0,722
576168,180.0,399
576512,415.0,683
576712,240.0,602
577088,210.0,536
579400,250.0,659
579472,305.0,699
579616,210.0,388
579832,195.0,458
580296,335.0,718
580848,215.0,517
580936,310.0,791
581072,215.0,498
582240,180.0,301
582736,150.0,390
583496,210.0,512
583888,245.0,552
583968,150.0,362
584200,210.0,488
584824,210.0,497
586176,160.0,430
587048,250.0,601
587520,155.0,503
588136,155.0,414
588360,210.0,559
588456,235.0,561
588736,455.0,975
589120,260.0,615
590472,240.0,537
590616,135.0,387
591984,325.0,617
592424,155.0,496
592704,210.0,496
592712,260.0,572
593640,315.0,660
593696,240.0,572
593872,210.0,425
595336,225.0,590
596064,210.0,455
596752,240.0,596
596928,240.0,528
597040,125.0,418
597312,260.0,575
597456,210.0,477
598336,290.0,558
598872,120.0,442
599624,155.0,359
600616,225.0,569
601152,215.0,528
601312,120.0,372
601552,210.0,512
601904,285.0,574
602056,290.0,627
603736,280.0,608
603976,240.0,544
604432,210.0,477
605496,210.0,543
606080,210.0,503
606088,260.0,597
606136,225.0,529
607096,360.0,693
607824,155.0,481
608928,260.0,649
609304,235.0,609
610608,285.0,566
610632,330.0,642
610920,135.0,387
611152,290.0,633
611400,530.0,658
612144,230.0,631
612816,210.0,439
613024,210.0,512
613864,180.0,404
615120,210.0,525
615272,250.0,484
615400,210.0,531
615448,260.0,605
617264,285.0,640
617336,225.0,539
617392,285.0,572
619264,240.0,477
619296,210.0,503
619304,305.0,680
619512,210.0,514
620256,330.0,642
621568,240.0,529
621584,235.0,540
621936,440.0,568
623168,210.0,484
623424,285.0,515
623648,210.0,517
623720,210.0,557
624328,215.0,509
625416,265.0,481
625608,215.0,503
626032,215.0,512
627104,180.0,432
627176,225.0,469
627584,210.0,407
627640,225.0,490
628368,295.0,650
628696,180.0,410
629128,210.0,440
629456,155.0,428
630496,180.0,415
631240,380.0,450
631720,230.0,577
632296,215.0,491
633120,260.0,553
633392,345.0,726
634048,225.0,574
634064,260.0,617
634456,210.0,495
634704,180.0,433
635832,225.0,514
636664,225.0,546
636728,210.0,417
636984,155.0,365
637112,180.0,383
637440,460.0,540
637776,150.0,384
638808,125.0,372
639040,285.0,573
639992,185.0,416
640040,180.0,414
640320,180.0,401
640920,210.0,435
641688,260.0,588
642016,125.0,401
642112,225.0,542
643392,185.0,544
643608,210.0,411
644208,260.0,527
644664,275.0,578
645192,180.0,438
645560,290.0,580
646064,170.0,506
646424,260.0,539
646776,180.0,423
647392,210.0,473
647728,125.0,383
649168,180.0,451
649544,180.0,435
649784,210.0,420
649888,595.0,710
650304,105.0,364
651176,285.0,748
651272,290.0,562
651416,180.0,461
652840,155.0,382
652968,210.0,428
653280,270.0,514
654408,180.0,565
655312,225.0,505
655320,430.0,627
655552,245.0,517
655720,285.0,568
656144,210.0,397
656624,185.0,418
657016,260.0,522
657840,210.0,429
659488,210.0,471
659528,215.0,526
659688,225.0,547
659864,185.0,465
661032,245.0,551
661136,455.0,698
663208,515.0,774
664160,290.0,584
665104,385.0,677
665496,300.0,746
665632,265.0,575
665648,340.0,723
665848,290.0,589
666160,445.0,1040
667080,210.0,484
668664,210.0,563
669120,80.0,370
669904,515.0,600
670216,315.0,571
670672,260.0,603
670888,340.0,657
671432,210.0,544
673032,210.0,489
673224,435.0,966
673648,245.0,623
674760,315.0,607
675792,240.0,640
675832,275.0,550
676232,180.0,400
676296,125.0,331
676504,540.0,786
677960,530.0,884
678312,335.0,636
679768,315.0,492
680280,310.0,561
681016,285.0,564
681160,335.0,800
681848,370.0,694
681984,180.0,459
682016,210.0,507
684016,495.0,973
684560,215.0,535
686048,330.0,785
686160,240.0,522
686200,215.0,544
688664,625.0,938
688808,345.0,599
688904,155.0,338
689048,850.0,1004
689472,285.0,614
689768,405.0,969
691240,335.0,649
691728,180.0,365
691784,520.0,703
693376,235.0,559
693576,215.0,513
694600,310.0,694
694912,345.0,781
695760,320.0,749
696376,315.0,574
697544,210.0,521
697552,285.0,789
697648,210.0,509
698944,405.0,902
698952,155.0,399
700480,375.0,696
700688,180.0,393
700904,495.0,788
701120,485.0,593
701608,225.0,507
702936,210.0,498
703064,215.0,515
703376,640.0,716
703416,165.0,367
704984,240.0,510
705536,225.0,491
706160,330.0,684
707152,215.0,511
708264,445.0,893
708720,300.0,663
709920,390.0,818
710072,210.0,489
710120,395.0,642
710768,255.0,654
711216,520.0,1035
712448,210.0,523
713904,320.0,648
715032,430.0,985
715112,530.0,624
715144,220.0,653
715992,310.0,597
716120,285.0,756
717568,285.0,640
718008,370.0,905
718416,230.0,564
720536,320.0,674
722072,490.0,870
722712,375.0,643
723896,470.0,972
723904,690.0,1109
724648,410.0,1082
725168,420.0,895
726040,340.0,688
727192,515.0,640
727928,315.0,652
728408,660.0,1249
729320,285.0,519
729632,315.0,623
730312,390.0,801
731784,435.0,986
733464,210.0,518
733992,645.0,994
734848,335.0,805
735144,395.0,994
735248,345.0,702
736160,760.0,1029
736736,460.0,619
737232,520.0,865
738744,285.0,594
740400,260.0,644
740848,635.0,923
742016,350.0,896
742384,605.0,905
742760,325.0,753
744400,305.0,707
744720,635.0,936
745944,600.0,1223
746984,350.0,823
747992,425.0,747
748088,570.0,666
749216,695.0,1046
749784,395.0,673
750064,475.0,960
751776,425.0,729
751792,285.0,601
752552,420.0,979
752880,345.0,599
753736,400.0,718
754456,310.0,655
755848,315.0,723
756048,420.0,783
757680,315.0,736
758792,260.0,632
759616,425.0,980
759816,625.0,867
759912,365.0,920
761264,375.0,652
762912,335.0,1057
763944,705.0,1012
765008,370.0,916
765104,315.0,661
765104,425.0,789
767536,545.0,784
767696,420.0,1010
767920,450.0,1001
770320,595.0,926
770752,290.0,706
771256,345.0,769
772088,500.0,1018
772352,385.0,918
773000,345.0,635
773360,380.0,708
777264,310.0,647
777672,570.0,1267
777952,795.0,900
778352,470.0,750
779752,555.0,799
780480,405.0,935
781040,575.0,1223
781344,800.0,1378
782752,335.0,686
783360,335.0,711
783944,595.0,699
784104,455.0,769
785600,330.0,731
786408,305.0,633
787384,365.0,793
788024,390.0,659
788176,525.0,962
788288,215.0,523
789584,555.0,705
790712,530.0,639
791392,495.0,1004
791448,360.0,630
792888,360.0,608
794008,580.0,828
794064,560.0,736
794960,420.0,672
797176,590.0,723
797256,695.0,818
797368,590.0,740
797552,540.0,1158
798048,245.0,498
798168,510.0,660
798864,620.0,607
800560,365.0,700
802440,290.0,648
803048,435.0,710
803248,590.0,712
803848,360.0,710
804032,345.0,646
804664,495.0,827
806760,550.0,1198
807752,535.0,588
809008,335.0,645
809520,420.0,686
810032,600.0,1184
810880,975.0,1055
811504,465.0,1032
812840,550.0,1022
813176,390.0,678
813280,435.0,815
814224,310.0,652
816072,315.0,649
816664,420.0,645
818912,340.0,717
820240,325.0,925
820608,500.0,1322
820864,520.0,599
821440,285.0,597
821552,525.0,1034
824248,575.0,1253
824592,365.0,710
825240,890.0,1965
825360,290.0,594
826280,315.0,605
827328,330.0,808
827576,565.0,753
829176,365.0,616
829544,775.0,1163
829704,590.0,639
830448,485.0,651
830744,390.0,673
831240,320.0,620
832584,490.0,657
832776,420.0,650
834496,560.0,665
835208,385.0,708
835952,280.0,651
836264,395.0,727
837272,410.0,754
837816,360.0,630
838320,700.0,1077
839856,650.0,909
840848,335.0,705
841648,335.0,547
842688,345.0,803
843520,605.0,946
844072,530.0,719
844384,495.0,821
844760,600.0,1283
846176,445.0,790
848416,575.0,946
849320,435.0,959
849344,345.0,728
849424,340.0,583
851528,605.0,1105
851720,445.0,956
853960,600.0,1197
855168,390.0,718
856256,350.0,591
856416,490.0,887
856472,515.0,1287
856992,645.0,1072
857288,330.0,696
857368,515.0,1003
860760,330.0,699
861736,450.0,972
862232,340.0,618
863112,500.0,765
863480,490.0,883
864232,425.0,858
865632,600.0,1145
865752,575.0,1187
866680,370.0,740
868488,335.0,672
868520,465.0,786
869240,750.0,938
869240,360.0,720
870800,315.0,631
872064,295.0,804
872320,340.0,705
873232,345.0,593
874152,350.0,614
875088,390.0,731
875968,575.0,646
876000,990.0,1471
876584,315.0,565
876840,360.0,565
879216,800.0,1337
879472,315.0,665
880304,305.0,652
880864,360.0,612
882856,800.0,1203
883248,435.0,801
884120,485.0,942
884448,515.0,654
885040,345.0,592
885592,650.0,1199
887688,555.0,1027
887976,465.0,889
889120,260.0,625
889368,455.0,814
889640,695.0,799
890248,530.0,582
891912,565.0,933
892944,495.0,988
893424,570.0,717
893568,275.0,556
894424,400.0,806
894872,305.0,688
895472,275.0,653
896192,740.0,819
898664,450.0,844
899496,400.0,741
899840,445.0,802
900864,550.0,749
901016,600.0,1009
901272,295.0,635
901832,545.0,795
902120,465.0,962
904592,300.0,637
905352,615.0,836
907040,500.0,772
907576,560.0,967
909496,270.0,613
910360,600.0,1030
910712,650.0,1180
911888,800.0,1257
912424,345.0,606
912512,290.0,684
913144,815.0,1516
913376,635.0,1003
915040,425.0,693
917168,320.0,660
917376,300.0,608
918184,255.0,720
918264,290.0,640
918536,640.0,1022
919232,605.0,1065
919928,650.0,819
920272,395.0,654
922368,555.0,650
922640,515.0,658
923488,360.0,653
924216,315.0,536
924520,290.0,661
925200,490.0,616
927112,300.0,593
927448,315.0,601
928368,575.0,1229
929168,575.0,1373
929296,470.0,597
929984,320.0,598
932464,600.0,1122
932992,650.0,1097
933024,335.0,697
933144,335.0,597
933944,540.0,854
934384,305.0,652
935248,340.0,658
936576,510.0,910
938240,370.0,656
939656,365.0,829
940232,350.0,623
940624,615.0,835
941568,670.0,1053
942872,600.0,1301
943040,800.0,1082
943144,540.0,613
945488,380.0,729
945776,545.0,644
945944,800.0,1171
946800,315.0,654
948168,470.0,662
948640,375.0,700
948920,600.0,1086
949336,290.0,774
950784,320.0,605
953416,365.0,827
953864,320.0,618
954496,600.0,1090
954544,645.0,1132
955776,345.0,624
956912,600.0,1093
957000,810.0,1045
957976,465.0,1080
959016,310.0,644
959136,280.0,715
959448,265.0,613
960328,310.0,729
961288,470.0,689
961712,315.0,589
961736,515.0,603
963392,310.0,677
963944,360.0,601
966080,330.0,546
966632,340.0,612
966760,535.0,914
966952,575.0,992
967848,680.0,820
969144,520.0,650
969752,415.0,795
969808,430.0,1185
971752,360.0,624
972624,395.0,749
972832,320.0,623
973808,335.0,583
974792,420.0,630
975328,605.0,1156
975640,465.0,1086
977912,800.0,1013
980040,575.0,779
980384,380.0,699
980680,440.0,1007
980808,600.0,997
982512,480.0,898
982648,455.0,876
983264,930.0,1439
985032,470.0,544
985648,355.0,658
986272,570.0,1045
988280,695.0,934
988328,700.0,1036
989864,570.0,902
990280,490.0,877
990296,395.0,658
993288,580.0,955
993560,675.0,911
994096,325.0,721
994344,895.0,1479
994416,370.0,767
996176,355.0,737
996936,470.0,830
1000392,445.0,888
1000448,420.0,754
1000632,525.0,884
1001240,420.0,633
1001256,600.0,864
1001384,1085.0,1440
1002520,495.0,1053
1005016,785.0,1010
1007104,360.0,809
1007528,520.0,892
1009096,785.0,982
1009504,600.0,1015
1009552,750.0,1138
1009736,800.0,1060
1010176,355.0,645
1015016,875.0,1562
1015096,355.0,693
1015128,355.0,674
1017120,550.0,1003
1017336,540.0,979
1017400,575.0,1287
1018264,570.0,1011
1021056,300.0,465
1021672,1110.0,1768
1022680,500.0,958
1022856,575.0,970
1024032,435.0,829
1024312,500.0,899
1024432,575.0,1163
1027944,395.0,784
1028832,665.0,769
1029240,725.0,1023
1029888,1140.0,1453
1031504,745.0,1081
1032368,800.0,1007
1032752,800.0,1090
1033312,380.0,671
1033848,320.0,627
1035944,450.0,838
1036904,1055.0,1559
1038576,495.0,1086
1038744,590.0,749
1039648,750.0,1018
1039992,515.0,835
1040824,600.0,1057
1043232,600.0,1173
1043664,345.0,615
1044528,350.0,610
1045392,600.0,1181
1045712,605.0,1101
1046144,515.0,946
1047216,460.0,903
1048672,600.0,981
1048704,390.0,630
1049848,515.0,827
1051648,470.0,688
1052168,460.0,807
1052840,555.0,1039
1052856,495.0,933
1054080,450.0,672
1054088,585.0,677
1054960,580.0,968
1055584,705.0,717
1059264,640.0,887
1059456,490.0,976
1060208,575.0,921
1060448,550.0,796
1061848,575.0,970
1062464,600.0,1201
1062848,670.0,986
1063528,575.0,993
1065440,900.0,772
1067392,655.0,868
1067400,415.0,617
1067640,695.0,1023
1069416,485.0,821
1070392,555.0,858
1070472,600.0,1078
1072704,500.0,908
1073120,1250.0,1614
1073152,745.0,719
1074888,540.0,906
1074944,605.0,944
1075080,420.0,586
1075608,575.0,774
1077744,390.0,578
1079680,600.0,1151
1080912,545.0,729
1081184,600.0,1004
1082128,510.0,815
1084184,880.0,1162
1085768,405.0,761
1086824,1035.0,1485
1087192,360.0,633
1087248,610.0,758
1087472,1200.0,1846
1089384,570.0,1059
1091640,865.0,1737
1092520,620.0,659
1092752,585.0,1071
1096096,585.0,1078
1096144,775.0,1165
1097752,605.0,1046
1098944,600.0,913
1099168,450.0,831
1099376,515.0,828
1100656,930.0,1861
1100992,960.0,1725
1101424,375.0,660
1101528,410.0,679
1103816,325.0,609
1106024,345.0,629
1106152,600.0,1050
1106784,515.0,926
1107792,555.0,892
1108800,575.0,909
1109360,600.0,992
1110728,935.0,1445
1110952,520.0,892
1114512,575.0,1061
1114728,480.0,867
1116528,675.0,1218
1118216,705.0,936
1118800,800.0,981
1118800,1000.0,1180
1119776,1020.0,1703
1122416,600.0,961
1122560,600.0,1006
1123056,645.0,816
1123632,1325.0,1854
1124936,470.0,767
1125576,700.0,847
1126152,490.0,992
1126864,540.0,886
1129056,495.0,812
1132328,570.0,1159
1132512,515.0,867
1133968,575.0,888
1135512,605.0,1170
1137112,585.0,1007
1138048,910.0,1802
1138592,1150.0,1707
1140016,1050.0,2200
1141184,770.0,1107
1141424,600.0,932
1141424,800.0,1114
1142960,720.0,931
1143712,465.0,825
1144880,470.0,854
1145208,525.0,827
1146416,545.0,800
1148800,600.0,922
1149120,600.0,962
1150064,600.0,1110
1150632,520.0,865
1151736,605.0,857
1151808,600.0,1106
1154792,600.0,1198
1157408,600.0,1036
1158224,600.0,1020
1158744,605.0,867
1161312,1330.0,1862
1161640,1170.0,1605
1161928,660.0,1274
1162936,980.0,1538
1164864,575.0,932
1165704,770.0,935
1168104,800.0,1170
1168424,555.0,812
1169104,800.0,974
1169704,445.0,846
1171032,800.0,1174
1171464,515.0,825
1171568,1185.0,2097
1172504,800.0,850
1174440,575.0,792
1175720,540.0,827
1175864,445.0,537
1176440,605.0,1002
1178624,565.0,765
1178672,465.0,955
1180296,685.0,1104
1180408,685.0,746
1180544,895.0,1355
1183000,605.0,910
1183112,545.0,834
1184944,605.0,1135
1185888,575.0,902
1186712,480.0,771
1187608,805.0,1123
1190120,600.0,890
1190280,945.0,896
1191872,495.0,866
1192440,505.0,819
1193184,520.0,809
1195192,575.0,634
1195440,1030.0,1879
1195960,800.0,1044
1196800,1150.0,2063
1197064,605.0,848
1197808,525.0,742
1199736,525.0,819
1200728,800.0,1036
1204256,600.0,1102
1204656,800.0,1183
1204832,600.0,1109
1205080,485.0,1002
1206096,570.0,1036
1208152,600.0,1052
1208896,800.0,1021
1209264,920.0,1558
1210136,345.0,685
1210352,470.0,762
1212016,570.0,867
1213352,570.0,907
1216120,775.0,903
1216168,690.0,1002
1216192,525.0,757
1216424,505.0,895
1217272,800.0,865
1219064,775.0,881
1220424,1135.0,1949
1220600,460.0,906
1224936,600.0,1093
1225064,800.0,1080
1225184,800.0,989
1225200,560.0,1129
1226128,600.0,883
1227768,600.0,896
1228832,600.0,1051
1230976,1230.0,1857
1232040,540.0,857
1232616,515.0,960
1232696,775.0,937
1233144,600.0,877
1234048,570.0,1123
1235848,545.0,1010
1237464,600.0,1079
1237584,870.0,826
1238384,570.0,721
1238680,605.0,692
1239576,810.0,860
1240120,280.0,534
1241416,775.0,1172
1244752,275.0,579
1245376,465.0,837
1246288,765.0,839
1247712,575.0,1166
1247728,1575.0,1710
1248168,455.0,844
1251656,1500.0,1759
1252360,730.0,873
1252464,570.0,964
1252520,545.0,779
1253920,1640.0,2057
1254176,540.0,806
1255376,775.0,958
1256040,600.0,984
1259632,600.0,997
1259960,605.0,930
1260128,570.0,971
1260400,545.0,810
1261416,570.0,905
1262168,600.0,1213
1262656,575.0,910
1263848,575.0,976
1264984,370.0,669
1266952,550.0,692
1267848,570.0,931
1269024,750.0,647
1269744,600.0,947
1269880,515.0,903
1271832,925.0,1484
1272256,500.0,909
1272664,585.0,602
1274696,600.0,968
1275104,1115.0,1872
1275872,600.0,856
1276968,520.0,886
1277192,570.0,670
1277656,745.0,989
1278904,800.0,831
1279432,755.0,846
1281592,575.0,811
1282056,545.0,773
1282552,805.0,982
1282688,530.0,687
1283832,575.0,858
1284872,745.0,902
1286320,375.0,533
1286688,585.0,907
1287536,630.0,1079
1288200,525.0,689
1288496,530.0,743
1288720,495.0,891
1290072,600.0,780
1291144,415.0,603
1294672,705.0,809
1295000,600.0,933
1295352,660.0,857
1295688,490.0,871
1296360,545.0,786
1298704,1030.0,1502
1300032,630.0,1111
1300064,1230.0,1899
1300536,600.0,733
1301352,575.0,794
1302216,605.0,858
1303128,500.0,846
1304176,550.0,684
1306496,545.0,808
1307384,550.0,754
1307872,600.0,976
1308304,600.0,971
1308944,535.0,727
1310064,1205.0,1797
1312088,485.0,699
1312464,570.0,1036
1313552,545.0,771
1313792,575.0,740
1315160,480.0,857
1316936,1080.0,1840
1317728,575.0,1098
1318456,440.0,796
1318544,495.0,760
1318584,600.0,1065
1319544,520.0,749
1321632,600.0,809
1322712,570.0,722
1324320,600.0,717
1324464,545.0,740
1324856,770.0,891
1325008,600.0,819
1327704,610.0,1020
1328888,1600.0,1887
1328928,725.0,777
1329000,545.0,921
1330640,570.0,772
1332000,605.0,960
1334912,730.0,753
1335064,570.0,920
1337072,470.0,1009
1337760,570.0,890
1338344,545.0,793
1338688,1185.0,1729
1340120,1200.0,1889
1342360,600.0,931
1342664,600.0,950
1343400,545.0,791
1343888,1230.0,1870
1344624,525.0,785
1344688,800.0,866
1348944,570.0,823
1350160,570.0,784
1351096,600.0,809
1352640,545.0,994
1352832,1240.0,1589
1353192,1200.0,1813
1353464,830.0,1350
1356440,410.0,668
1356936,1190.0,1692
1360064,600.0,904
1360648,600.0,1001
1361464,745.0,1000
1361488,570.0,1037
1361672,1230.0,1591
1363808,515.0,921
1364264,1300.0,1763
1364392,570.0,932
1367312,945.0,833
1368008,555.0,815
1368328,515.0,858
1369096,940.0,1129
1370864,545.0,809
1371768,570.0,995
1372504,770.0,1030
1374736,515.0,801
1376112,600.0,1013
1378192,1175.0,2065
1378712,915.0,1202
1379560,600.0,1087
1381488,545.0,844
1382368,1080.0,1882
1382816,515.0,838
1384584,1075.0,1602
1384880,455.0,771
1385864,775.0,959
1386392,1545.0,1736
1386632,550.0,884
1389056,575.0,946
1389608,545.0,905
1390240,800.0,928
1391576,495.0,837
1392160,550.0,691
1392272,555.0,735
1393184,605.0,915
1394576,775.0,1249
1395816,515.0,776
1396200,570.0,745
1397384,750.0,1041
1399328,605.0,969
1400176,570.0,874
1400752,600.0,1074
1401336,600.0,845
1401680,235.0,537
1403160,500.0,870
1403544,640.0,966
1405448,1155.0,1647
1407384,775.0,901
1407936,600.0,898
1408048,545.0,1090
1409768,525.0,1011
1410520,770.0,1148
1411208,600.0,1006
1411720,545.0,784
1413568,555.0,773
1414096,515.0,770
1417152,715.0,829
1417696,575.0,811
1417864,520.0,1012
1418024,1120.0,1810
1418440,740.0,840
1422104,575.0,1001
1423584,1060.0,1942
1424232,740.0,885
1424888,540.0,858
1425272,600.0,926
1426304,545.0,983
1429048,500.0,868
1429368,600.0,723
1429552,1430.0,1998
1431152,575.0,865
1431464,1280.0,1721
1431528,545.0,830
1432152,575.0,860
1432776,700.0,809
1435360,550.0,789
1436608,605.0,905
1436648,550.0,887
1437984,670.0,815
1438208,545.0,835
1438656,575.0,938
1439752,1000.0,950
1440272,600.0,937
1441448,525.0,761
1443584,575.0,867
1444232,740.0,781
1444424,545.0,721
1444664,680.0,1007
1445552,600.0,918
1445680,545.0,676
1445928,720.0,772
1448088,570.0,830
1449832,545.0,676
1450280,545.0,702
1452416,600.0,1104
1452944,545.0,908
1453368,600.0,930
1454368,575.0,785
1455768,445.0,742
1457072,545.0,849
1458696,1025.0,1808
1458976,550.0,701
1459096,600.0,835
1460160,1210.0,1826
1461208,800.0,1033
1461232,525.0,858
1462048,575.0,785
1463408,715.0,792
1466104,520.0,891
1466168,695.0,884
1466472,600.0,972
1467840,540.0,826
1469504,600.0,1037
1469568,535.0,940
1469648,740.0,780
1472456,545.0,786
1472728,605.0,828
1473832,1170.0,1709
1474096,570.0,953
1475584,570.0,752
1475848,800.0,1001
1477064,580.0,927
1479208,570.0,810
1479792,600.0,917
1480544,540.0,806
1481560,750.0,714
1481928,550.0,793
1482120,1205.0,1577
1482376,575.0,1068
1484600,575.0,942
1486080,570.0,859
1486848,490.0,882
1487216,540.0,834
1488560,515.0,805
1488688,570.0,845
1488920,610.0,818
1489272,575.0,964
1489592,595.0,624
1492888,800.0,851
1493224,600.0,797
1493616,545.0,800
1495016,730.0,807
1495080,600.0,770
1495968,555.0,797
1496128,700.0,930
1497344,600.0,1009
1500504,600.0,952
1502416,600.0,925
1502736,575.0,826
1502848,575.0,971
1503896,555.0,819
1506416,970.0,1306
1507472,1235.0,1781
1508048,600.0,943
1512336,520.0,740
1512600,2260.0,2373
1514160,570.0,764
1514744,600.0,909
1515024,1130.0,1576
1515560,1395.0,1603
1519064,1175.0,2027
1519232,580.0,862
1519808,1230.0,1989
1520888,510.0,841
1520952,575.0,674
1520992,605.0,1049
1521808,600.0,848
1522568,600.0,978
1525192,530.0,766
1527664,605.0,732
1527960,545.0,871
1528056,570.0,888
1528144,540.0,697
1531712,575.0,815
1533048,1200.0,1727
1535248,545.0,899
1535408,1300.0,1815
1535432,600.0,971
1535696,1255.0,1986
1535872,600.0,966
1539056,800.0,918
1539424,540.0,797
1541752,495.0,793
1541896,750.0,831
1542464,495.0,824
1543464,600.0,1004
1543560,1045.0,1950
1544808,600.0,1139
1548688,470.0,778
1549312,570.0,945
1549840,605.0,785
1550656,680.0,1095
1551544,545.0,842
1554112,1030.0,1882
1554232,1155.0,1851
1555520,605.0,854
1556000,540.0,770
1558080,1230.0,1827
1558936,545.0,924
1559912,545.0,725
1560176,1070.0,1358
1560888,550.0,832
1564384,1285.0,1716
1565736,805.0,695
1566280,570.0,918
1567744,675.0,857
1571640,570.0,907
1571848,1720.0,1721
1572384,1055.0,2048
1572456,870.0,1568
1573440,600.0,895
1574200,600.0,807
1574784,2005.0,2408
1578136,545.0,719
1578296,575.0,832
1579056,600.0,825
1579240,1550.0,1688
1580080,485.0,830
1582704,785.0,1357
1583240,600.0,1057
1585672,600.0,922
1585688,545.0,829
1586112,555.0,859
1587248,600.0,896
1587504,1190.0,1663
1588568,805.0,733
1590600,600.0,920
1591088,1205.0,1619
1592904,600.0,902
1593240,575.0,946
1597952,600.0,858
1598624,1150.0,1564
1599032,850.0,1308
1599936,545.0,879
1600192,605.0,869
1600536,1065.0,1661
1602984,1270.0,1935
1603112,1175.0,1564
1605248,600.0,777
1606064,570.0,1014
1607272,600.0,917
1608344,600.0,1019
1610152,805.0,1441
1611608,470.0,693
1611640,550.0,799
1613656,1205.0,1640
1614312,725.0,880
1615728,1135.0,1593
1616064,600.0,965
1618440,600.0,1036
1618992,800.0,919
1619288,600.0,960
1619472,545.0,727
1619480,1375.0,2046
1622104,515.0,755
1623000,545.0,909
1626288,600.0,875
1626784,600.0,974
1626840,605.0,921
1628208,575.0,763
1628448,1090.0,1767
1629240,485.0,780
1630416,1320.0,1497
1632704,800.0,802
1632736,1185.0,1657
1634672,575.0,808
1636016,800.0,1154
1636312,575.0,983
1636384,600.0,893
1638016,555.0,950
1640056,600.0,915
1640160,550.0,932
1640512,1375.0,1709
1640920,540.0,781
1643440,600.0,928
1643536,605.0,894
1646728,540.0,777
1648016,600.0,995
1648256,600.0,917
1649808,605.0,784
1650184,1315.0,1734
1651464,1235.0,1681
1651656,800.0,1027
1652640,500.0,739
1653648,1170.0,1686
1654192,605.0,772
1654344,600.0,761
1655112,575.0,616
1658648,575.0,874
1658816,600.0,919
1659496,575.0,857
1660376,715.0,841
1660704,570.0,814
1661992,965.0,1523
1662040,570.0,962
1662232,545.0,890
1666160,600.0,723
1666160,800.0,939
1666648,545.0,743
1666656,550.0,980
1667736,945.0,712
1668200,600.0,1088
1670008,600.0,972
1672064,600.0,738
1673056,600.0,800
1673120,485.0,809
1674104,545.0,738
1674520,600.0,1045
1675584,680.0,697
1675760,600.0,1003
1677688,1205.0,1962
1679992,575.0,867
1681016,800.0,987
1681200,570.0,835
1683824,570.0,1008
1684080,740.0,799
1684440,1130.0,1547
1686240,830.0,1517
1687304,600.0,786
1687472,1250.0,1486
1687824,600.0,979
1688288,600.0,886
1690688,575.0,781
1691168,575.0,918
1692096,600.0,1002
1692968,690.0,841
1693144,550.0,709
1693944,605.0,830
1694856,605.0,821
1695136,545.0,914
1696784,495.0,762
1697584,550.0,802
1698464,545.0,796
1698688,475.0,715
1699192,585.0,756
1700432,515.0,811
1700760,600.0,738
1701416,570.0,785
1702464,575.0,710
1703776,600.0,774
1705352,605.0,833
1705904,570.0,930
1706936,530.0,813
1708888,770.0,934
1709336,570.0,859
1710376,545.0,825
1712696,805.0,918
1713136,600.0,775
1714000,1355.0,1655
1714952,540.0,702
1716584,545.0,962
1716624,1705.0,2179
1717648,600.0,909
1718456,750.0,720
1718800,1120.0,1612
1720024,600.0,861
1720152,575.0,769
1720824,575.0,734
1722664,600.0,760
1724312,605.0,833
1724640,515.0,730
1725176,745.0,628
1726584,575.0,1016
1726808,515.0,748
1727496,605.0,934
1729560,570.0,862
1730656,610.0,793
1730752,545.0,764
1731512,515.0,792
1731520,1350.0,1862
1731880,545.0,634
1734440,600.0,868
1735728,800.0,771
1737120,510.0,808
1737552,570.0,850
1737952,575.0,759
1741464,510.0,878
1741968,545.0,780
1742128,1050.0,1943
1744816,575.0,908
1745232,1575.0,1714
1745768,1230.0,1782
1747000,575.0,692
1747232,780.0,1264
1747640,490.0,709
1750024,600.0,987
1750800,550.0,696
1750952,1110.0,1625
1750968,745.0,769
1753888,585.0,781
1753960,600.0,870
1756248,605.0,1127
1757000,525.0,775
1757400,545.0,922
1757768,600.0,850
1759328,1235.0,1695
1759832,600.0,734
1761584,600.0,962
1762408,570.0,770
1763296,575.0,787
1764616,600.0,902
1765128,1140.0,1772
1766032,600.0,838
1766608,545.0,847
1768472,515.0,861
1768832,600.0,692
1770576,1435.0,1601
1771096,515.0,810
1771768,520.0,717
1771848,745.0,655
1774864,610.0,799
1775392,570.0,820
1776880,1330.0,1809
1777672,600.0,822
1777824,575.0,906
1778368,500.0,815
1779664,1670.0,1817
1779920,600.0,1019
1781696,575.0,788
1783920,600.0,880
1784440,570.0,827
1784680,515.0,789
1785808,775.0,736
1786256,605.0,824
1789712,605.0,1002
1790064,1095.0,1549
1790432,1185.0,1946
1790600,600.0,835
1791360,545.0,865
1791960,540.0,910
1792368,575.0,764
1793736,600.0,991
1797048,600.0,827
1798512,600.0,1056
1798576,570.0,1108
1798792,600.0,929
1799376,600.0,1097
1799984,600.0,781
1800808,800.0,1055
1804384,520.0,726
1804880,545.0,761
1805128,605.0,827
1805760,945.0,722
1806192,810.0,1143
1806616,545.0,905
1807456,1175.0,1937
1811032,545.0,738
1811472,550.0,886
1811872,545.0,764
1812000,570.0,890
1812632,545.0,752
1812888,1350.0,1510
1817592,575.0,765
1818096,800.0,883
1818576,545.0,743
1818728,550.0,841
1818744,545.0,732
1819032,955.0,1605
1819448,600.0,947
1821584,1210.0,1766
1823600,575.0,751
1824712,545.0,767
1825680,600.0,831
1826672,600.0,903
1828704,525.0,890
1829584,900.0,1357
1830984,600.0,923
1831096,545.0,798
1831408,640.0,592
1831416,1525.0,1584
1831568,505.0,736
1832000,1200.0,1738
1836336,800.0,844
1837520,545.0,744
1837688,600.0,838
1837840,575.0,843
1838560,600.0,820
1838792,575.0,922
1838952,600.0,943
1842944,570.0,826
1843168,1250.0,1808
1844064,550.0,818
1844760,550.0,775
1847184,575.0,1029
1850408,600.0,933
1850544,600.0,922
1851720,800.0,870
1851784,735.0,965
1851968,1375.0,1766
1854280,1175.0,2074
1854328,1230.0,1942
1856576,605.0,754
1856744,545.0,628
1857992,510.0,753
1858720,570.0,1039
1860008,800.0,1028
1861040,800.0,839
1861672,1200.0,1811
1861880,600.0,950
1862616,490.0,487
1863816,740.0,905
1864152,600.0,926
1865256,740.0,908
1867304,600.0,912
1867488,745.0,806
1868488,800.0,852
1868592,545.0,747
1871976,600.0,978
1872544,575.0,911
1872896,545.0,699
1874880,545.0,799
1875616,800.0,878
1876016,1230.0,1767
1877344,1375.0,1691
1878688,520.0,839
1879432,530.0,861
1879776,1215.0,1536
1880752,800.0,982
1881256,600.0,797
1882168,1000.0,769
1882488,745.0,859
1883984,600.0,830
1884400,525.0,714
1886768,600.0,917
1887048,495.0,787
1888000,600.0,843
1888696,540.0,776
1891504,545.0,888
1891720,1000.0,967
1893328,1325.0,1694
1894480,600.0,964
1894640,570.0,743
1895304,1235.0,1642
1897928,605.0,803
1898368,770.0,831
1899920,545.0,680
1900392,745.0,719
1900488,1350.0,1680
1900736,570.0,926
1901456,1520.0,1682
1902496,600.0,899
1904592,745.0,833
1905624,575.0,654
1906816,545.0,862
1907056,575.0,790
1908512,575.0,882
1909008,545.0,814
1910640,575.0,756
1912368,570.0,664
1912424,575.0,701
1913976,555.0,621
1914704,1125.0,1777
1914776,1200.0,2051
1914944,580.0,804
1918320,545.0,737
1918480,555.0,764
1919024,1775.0,1675
1919368,775.0,1091
1919984,605.0,751
1920080,605.0,663
1921832,600.0,891
1924224,495.0,738
1925144,600.0,765
1925816,600.0,806
1926096,1210.0,1394
1927032,605.0,869
1929576,600.0,968
1930096,1355.0,1452
1930824,550.0,710
1930864,750.0,830
1932696,1000.0,860
1933632,600.0,942
1934552,1100.0,1821
1936128,545.0,754
1936808,600.0,904
1937640,740.0,847
1938536,575.0,964
1939480,775.0,731
1940400,600.0,963
1941576,1355.0,1818
1942680,575.0,734
1943536,600.0,737
1945632,575.0,887
1947112,415.0,554
1947648,1400.0,1637
1948040,1255.0,1489
1948192,745.0,827
1949512,540.0,747
1952592,480.0,550
1952616,570.0,873
1953344,745.0,779
1954400,630.0,844
1954776,1205.0,1797
1954968,1200.0,1936
1955008,600.0,871
1956696,605.0,898
1959928,575.0,823
1961096,575.0,790
1961320,580.0,794
1961624,600.0,903
1963912,600.0,902
1964832,1145.0,1530
1964872,1175.0,1532
1967072,575.0,747
1967256,600.0,916
1967376,545.0,719
1967440,525.0,765
1967904,1360.0,1612
1969464,540.0,694
1971864,600.0,879
1972736,550.0,662
1973952,600.0,860
1974016,600.0,830
1974416,800.0,895
1974840,605.0,867
1975912,545.0,806
1976896,545.0,629
1978224,1380.0,1669
1980864,515.0,806
1981064,575.0,1041
1981496,575.0,832
1981784,570.0,971
1982176,600.0,783
1983552,1025.0,1200
1984544,570.0,956
1985696,545.0,934
1987024,545.0,770
1987152,580.0,761
1988312,605.0,767
1989296,575.0,939
1990968,575.0,803
1992128,545.0,804
1993344,545.0,790
1994368,545.0,634
1995200,600.0,1006
1995792,1430.0,1787
1997176,570.0,776
1997400,1435.0,1731
1998496,545.0,796
1999544,1060.0,1404
2000008,420.0,527
2001392,600.0,1006
2002168,600.0,975
2003280,570.0,1010
2003432,605.0,754
2004520,600.0,918
2005072,575.0,822
2005192,575.0,706
2006448,720.0,805
2008744,585.0,664
2011112,600.0,824
2011392,600.0,775
2011696,1070.0,1052
2013296,770.0,1028
2013648,1550.0,1532
2015064,740.0,790
2016168,545.0,597
2016824,1400.0,1832
2017552,445.0,532
2018128,555.0,877
2018544,600.0,856
2018984,580.0,667
2020976,550.0,739
2022480,545.0,789
2023736,750.0,773
2024616,800.0,974
2024888,745.0,845
2025192,605.0,776
2026128,1790.0,2460
2027056,800.0,1064
2028408,570.0,929
2029336,570.0,857
2029720,600.0,748
2031896,540.0,838
2032952,630.0,1008
2033752,600.0,837
2034528,570.0,765
2036784,770.0,931
2037984,545.0,761
2038872,330.0,543
2038952,1345.0,1792
2040024,1350.0,1737
2040392,800.0,930
2041648,555.0,987
2042832,600.0,756
2042888,1515.0,1646
2044760,440.0,736
2044792,685.0,730
2045672,800.0,961
2047152,600.0,845
2047840,520.0,774
2048632,545.0,718
2048640,575.0,1077
2052136,575.0,922
2052288,465.0,642
2053608,570.0,721
2054752,890.0,1245
2055760,575.0,890
2056944,1430.0,1764
2058816,575.0,816
2058848,1175.0,1647
2058880,500.0,843
2061048,800.0,930
2061752,605.0,875
2062312,1345.0,1710
2063312,600.0,944
2064288,575.0,676
2064440,600.0,937
2064456,545.0,705
2064776,545.0,741
2067824,545.0,689
2068376,600.0,916
2069808,540.0,812
2071328,800.0,861
2073976,600.0,769
2075336,930.0,1381
2075496,600.0,890
2075656,1065.0,1738
2077088,600.0,720
2077672,1405.0,1612
2078984,1145.0,1816
2080656,575.0,835
2080888,545.0,694
2081424,540.0,741
2084200,540.0,816
2084976,600.0,986
2086592,1680.0,2098
2086848,600.0,983
2086944,545.0,786
2090672,1175.0,1877
2091584,1000.0,923
2092024,600.0,881
2092432,1295.0,1443
2093048,550.0,775
2095360,600.0,1096
2095608,1175.0,1773
2097928,605.0,687
2098280,600.0,951
2098456,580.0,804
2099120,605.0,759
2101888,1065.0,1868
2102000,575.0,799
2105152,600.0,859
2105344,605.0,927
2105408,1185.0,1728
2105536,515.0,885
2107776,1375.0,1552
2108064,745.0,1118
2108536,605.0,831
2108576,545.0,822
2111800,600.0,799
2112224,605.0,836
2112632,540.0,935
2113104,570.0,970
2113808,570.0,718
2114176,545.0,800
2116016,600.0,930
2116552,600.0,1002
2118504,770.0,838
2119000,800.0,796
2119576,540.0,919
2120824,470.0,877
2121920,800.0,968
2122472,795.0,1171
2122552,600.0,817
2124464,545.0,683
2125160,600.0,832
2126272,600.0,837
2127448,800.0,828
2128384,570.0,739
2128520,940.0,746
2128792,540.0,859
2130656,1715.0,1763
2130744,450.0,698
2133408,575.0,892
2133432,600.0,1121
2134520,545.0,716
2135816,800.0,929
2135840,550.0,648
2140744,755.0,914
2140904,575.0,798
2142184,1315.0,1842
2142392,515.0,822
2142528,1120.0,1751
2143168,600.0,916
2143320,1235.0,1572
2145232,1035.0,1478
2145960,440.0,652
2147560,545.0,832
2148456,550.0,758
2149624,600.0,930
2149752,600.0,903
2151496,600.0,1022
2152792,770.0,654
2153552,600.0,1040
2153712,600.0,969
2155928,575.0,788
2158416,1110.0,1906
2159528,545.0,747
2159656,605.0,1020
2160696,965.0,1368
2161528,1095.0,1634
2162136,600.0,1168
2162352,545.0,803
2165032,360.0,542
2165880,600.0,933
2166096,600.0,821
2166496,575.0,855
2166560,395.0,629
2167184,1580.0,1684
2170008,600.0,984
2171968,545.0,734
2172336,1000.0,913
2172488,575.0,741
2173328,600.0,931
2173480,575.0,787
2173624,860.0,1409
2173792,605.0,912
2178936,545.0,643
2179088,745.0,825
2179456,600.0,936
2179752,600.0,784
2180656,770.0,879
2180928,600.0,1074
2182712,900.0,1588
2182936,600.0,1201
2186640,570.0,944
2186968,495.0,789
2187000,800.0,943
2187984,600.0,1029
2188728,540.0,724
2192960,1350.0,1753
2193264,515.0,783
2193776,605.0,724
2193840,570.0,859
2193952,1225.0,1628
2196360,1000.0,1706
2199320,745.0,757
2200288,1100.0,1706
2200928,350.0,571
2201136,1125.0,1551
2202952,1030.0,1139
2205040,1090.0,1510
2206904,545.0,747
2207112,1175.0,1645
2207176,600.0,982
2207336,745.0,775
2207600,1230.0,1728
2211000,600.0,745
2212736,1145.0,1556
2213504,545.0,825
2213848,570.0,834
2214760,600.0,895
2215256,775.0,990
2215312,800.0,1025
2216760,1270.0,1726
2217800,570.0,850
2219632,545.0,862
2220512,515.0,876
2220600,545.0,730
2220680,600.0,671
2223760,570.0,875
2224784,800.0,873
2225112,925.0,1408
2226152,740.0,815
2226744,570.0,779
2227376,800.0,847
2228248,600.0,946
2230072,1125.0,1852
2230440,540.0,707
2230928,545.0,896
2233088,600.0,793
2234088,600.0,839
2236568,515.0,705
2237112,800.0,880
2237952,1430.0,1605
2239128,515.0,755
2239136,1200.0,1623
2240032,1175.0,1473
2240376,770.0,786
2242224,1350.0,1473
2242904,600.0,792
2244080,570.0,871
2244624,800.0,834
2246648,755.0,939
2249336,975.0,1276
2249520,580.0,912
2250416,570.0,939
2251128,745.0,881
2252256,575.0,954
2252272,1245.0,1487
2253736,570.0,886
2256240,545.0,840
2256976,1630.0,2118
2257304,545.0,772
2259624,800.0,921
2260096,575.0,978
2260848,935.0,1439
2261200,800.0,933
2263632,545.0,832
2265688,1405.0,1909
2266840,540.0,902
2266920,795.0,1335
2267352,600.0,907
2268504,600.0,957
2269112,545.0,989
2270120,1465.0,1602
2271136,600.0,938
2272960,600.0,909
2273312,805.0,799
2274072,605.0,840
2275328,600.0,651
2275632,1005.0,815
2278800,540.0,730
2279712,1000.0,1072
2280448,1175.0,1701
2280768,600.0,932
2282208,605.0,860
2285040,1175.0,2067
2285376,545.0,708
2286448,545.0,750
2287024,800.0,782
2289352,800.0,893
2289976,1180.0,1988
2290408,1315.0,1847
2291496,490.0,807
2292696,800.0,915
2292936,1115.0,1767
2293392,605.0,868
2294416,575.0,924
2296216,575.0,858
2296976,570.0,875
2297848,545.0,794
2298600,740.0,1024
2298736,515.0,755
2299152,775.0,777
2301584,570.0,671
2303080,600.0,763
2304152,600.0,788
2305304,1015.0,1361
2306320,770.0,965
2306520,600.0,973
2307792,600.0,776
2311088,570.0,723
2312032,2210.0,2330
2312672,1130.0,1690
2313640,820.0,1186
2314136,575.0,952
2315088,600.0,912
2315680,1015.0,1575
2318616,460.0,823
2319376,1155.0,1632
2319856,600.0,777
2320016,600.0,918
2320432,715.0,787
2322200,570.0,889
2322880,600.0,900
2324632,545.0,657
2325624,600.0,876
2325680,1545.0,1824
2326176,600.0,770
2327224,600.0,921
2327320,800.0,861
2330856,600.0,997
2331712,570.0,885
2332976,600.0,912
2333464,540.0,768
2334136,540.0,864
2334608,600.0,1054
2336296,1355.0,1762
2337704,570.0,856
2337808,1170.0,1523
2340168,545.0,695
2341456,570.0,915
2342000,570.0,713
2342608,355.0,600
2345200,1140.0,1686
2345424,540.0,965
2345736,540.0,696
2346192,1250.0,1591
2346784,1130.0,1726
2349920,570.0,914
2351752,540.0,819
2352048,775.0,828
2352144,525.0,670
2354192,1125.0,1592
2354504,1115.0,1563
2358104,780.0,794
2358904,1095.0,1646
2360336,600.0,1036
2360560,600.0,757
2360880,775.0,836
2362616,1260.0,2053
2362976,1100.0,1632
2363536,745.0,679
2366120,600.0,902
2366656,1170.0,1814
2367008,570.0,806
2367184,570.0,856
2367688,570.0,851
2368024,480.0,676
2371320,575.0,973
2372528,800.0,801
2374752,600.0,1012
2374752,800.0,883
2375440,600.0,927
2377736,1230.0,1845
2377920,600.0,825
2378472,1585.0,1433
2381400,1205.0,1777
2381440,600.0,836
2381640,600.0,861
2382496,570.0,882
2384488,600.0,752
2384784,515.0,881
2385456,600.0,942
2385656,1175.0,1641
2386864,545.0,653
2388176,495.0,842
2388752,600.0,919
2389696,545.0,900
2391504,775.0,840
2391848,570.0,920
2392304,575.0,831
2392352,545.0,862
2392576,600.0,714
2394184,600.0,751
2396200,545.0,813
2397784,600.0,785
2398200,525.0,737
2399208,570.0,829
2399696,800.0,918
2401136,1035.0,1548
2401168,800.0,873
2403576,600.0,922
2405488,1235.0,1705
2405688,605.0,810
2406560,570.0,858
2407872,570.0,838
2408728,545.0,949
2411056,1175.0,1607
2411616,1185.0,1729
2412232,570.0,818
2412576,805.0,752
2412664,570.0,897
2414240,570.0,796
2414384,770.0,707
2417944,1320.0,1796
2418336,600.0,910
2418808,600.0,779
2418880,540.0,908
2419200,575.0,620
2420248,770.0,948
2420344,575.0,745
2422600,915.0,1296
2424096,570.0,720
2424232,605.0,786
2424288,505.0,685
2424472,570.0,699
2425656,745.0,807
2426584,600.0,780
2427144,545.0,862
2428816,525.0,777
2429664,570.0,672
2430168,745.0,759
2431088,600.0,857
2431328,600.0,857
2432784,570.0,891
2435168,770.0,1003
2435472,1005.0,726
2435864,540.0,712
2436648,600.0,979
2437440,570.0,794
2438296,605.0,871
2439536,485.0,844
2440872,1120.0,1786
2442488,545.0,915
2442712,770.0,856
2443536,545.0,762
2445264,600.0,871
2445872,545.0,792
2446688,515.0,727
2448488,545.0,619
2448520,525.0,726
2448904,1145.0,1679
2451080,745.0,651
2451688,1050.0,1880
2451864,740.0,825
2452200,545.0,689
2453880,700.0,670
2455120,555.0,829
2455304,1150.0,1602
2455512,745.0,826
2456816,550.0,717
2458080,575.0,799
2459872,495.0,749
2461312,600.0,774
2461360,570.0,757
2461776,570.0,783
2463008,600.0,774
2465520,600.0,930
2466216,1045.0,1794
2466408,1370.0,1776
2466968,570.0,887
2467280,520.0,740
2467824,525.0,756
2468856,600.0,943
2469448,745.0,805
2471712,550.0,687
2472552,540.0,768
2474136,605.0,857
2475736,600.0,786
2475744,600.0,861
2478264,1175.0,1593
2478648,600.0,762
2479040,545.0,613
2479232,600.0,940
2479912,1205.0,1618
2480952,1490.0,1641
2482208,600.0,809
2482440,600.0,837
2485456,545.0,778
2485712,575.0,834
2485808,575.0,895
2485880,770.0,952
2487528,570.0,952
2489360,600.0,865
2490896,640.0,1086
2492464,600.0,876
2496880,600.0,748
2499744,1125.0,1733
2500192,1275.0,1810
2500336,1140.0,1816
2501040,1145.0,1689
2501696,1990.0,2593
2502216,910.0,1219
2504472,570.0,949
2508184,570.0,1055
2508528,540.0,789
2508568,1885.0,2401
2509064,840.0,1109
2511040,575.0,821
2514776,600.0,781
2515072,1405.0,1842
2515440,1205.0,1800
2515640,600.0,932
2517248,1200.0,1944
2521048,1220.0,1498
2521216,1405.0,1581
2521424,800.0,831
2522352,570.0,864
2522360,1005.0,1415
2523408,1000.0,1042
2524448,570.0,1101
2527456,600.0,801
2528720,570.0,795
2528968,600.0,969
2529416,600.0,999
2529496,570.0,893
2530136,605.0,711
2530408,600.0,875
2530464,1230.0,1652
2535648,600.0,866
2535648,570.0,1024
2536448,970.0,879
2536448,600.0,789
2536576,570.0,951
2536944,600.0,931
2541072,600.0,678
2542232,605.0,707
2542256,600.0,826
2543088,1160.0,1578
2543496,800.0,881
2543912,745.0,933
2545064,1430.0,1832
2548984,510.0,737
2549408,970.0,894
2549648,575.0,769
2551992,800.0,1010
2552336,575.0,909
2552368,1545.0,1928
2554408,1360.0,1667
2556128,600.0,840
2556808,1130.0,1822
2558320,600.0,1084
2560008,540.0,1002
2561528,600.0,890
2562672,600.0,818
2563504,510.0,837
2563568,1115.0,1823
2564656,1155.0,1536
2565928,800.0,740
2566968,1065.0,1829
2569336,900.0,1377
2570040,600.0,921
2570072,555.0,821
2570328,800.0,845
2571152,800.0,812
2571752,570.0,728
2574312,605.0,918
2575336,1180.0,1726
2576552,420.0,675
2576616,540.0,786
2578504,800.0,1058
2581176,990.0,1388
2581672,570.0,792
2582624,545.0,759
2582768,545.0,769
2583120,1525.0,1723
2584032,1325.0,1535
2585744,600.0,905
2588240,600.0,684
2589736,1200.0,1928
2589872,800.0,844
2591088,545.0,668
2594912,1150.0,1717
2595648,1145.0,1747
2595920,570.0,756
2596720,605.0,1060
2596744,1120.0,1589
2597120,745.0,754
2597440,1175.0,1852
2601272,970.0,1442
2602592,570.0,684
2602848,575.0,866
2603472,600.0,844
2603504,575.0,845
2603848,575.0,1025
2604528,800.0,886
2609224,600.0,829
2609960,1550.0,1881
2610144,605.0,830
2610256,510.0,848
2610328,540.0,810
2611000,605.0,809
2614792,1210.0,1690
2615736,1115.0,1611
2616440,550.0,764
2616552,545.0,801
2616632,600.0,926
2617368,600.0,926
2622264,545.0,704
2622504,600.0,964
2622744,570.0,876
2623032,1205.0,1597
2623504,1090.0,1563
2623664,600.0,903
2624016,600.0,831
2628736,570.0,779
2629536,575.0,813
2629976,745.0,789
2630152,570.0,767
2630568,600.0,883
2630648,1315.0,1762
2634272,570.0,692
2635056,1045.0,1599
2635376,1225.0,1579
2636296,715.0,845
2637128,600.0,872
2637296,605.0,841
2639032,735.0,1048
2641112,570.0,757
2641224,800.0,869
2643304,800.0,876
2643392,600.0,1002
2643496,805.0,796
2643512,1175.0,1692
2644888,630.0,949
2647520,610.0,801
2649256,540.0,718
2649544,600.0,1040
2649816,775.0,803
2653616,1355.0,1823
2655760,1310.0,1557
2655816,570.0,820
2656496,725.0,1122
2656576,575.0,845
2656600,600.0,882
2657336,1430.0,1730
2658904,1150.0,1752
2662464,695.0,838
2662600,745.0,848
2662728,570.0,674
2663888,775.0,911
2666696,600.0,974
2666704,1520.0,1636
2668504,490.0,738
2668912,805.0,773
2669464,110.0,346
2669544,545.0,885
2669864,1370.0,1661
2670024,1775.0,1691
2670936,600.0,881
2673264,600.0,820
2674400,405.0,607
2675272,545.0,795
2675632,600.0,891
2676328,575.0,788
2676456,600.0,824
2676648,570.0,898
2678312,570.0,631
2680616,515.0,668
2681040,545.0,830
2682496,520.0,858
2683072,575.0,803
2683136,570.0,835
2683912,1045.0,1622
2683976,605.0,956
2685264,605.0,869
2687600,605.0,873
2688088,600.0,881
2688416,575.0,668
2689432,605.0,682
2689728,545.0,824
2689768,600.0,732
2692776,600.0,939
2693992,600.0,738
2694176,545.0,822
2694368,1310.0,1484
2695712,570.0,743
2696584,600.0,894
2696888,605.0,895
2698048,545.0,659
2699280,1205.0,1358
2700704,520.0,839
2700760,580.0,823
2702224,600.0,982
2702376,540.0,833
2703136,540.0,819
2703760,570.0,859
2705064,600.0,877
2705688,570.0,801
2707712,540.0,667
2707744,515.0,873
2707952,435.0,602
2708232,510.0,941
2709200,800.0,872
2711576,800.0,977
2711904,575.0,855
2712040,515.0,794
2714792,575.0,820
2715096,600.0,919
2715224,605.0,909
2715720,545.0,1001
2717992,600.0,802
2718904,600.0,875
2720968,570.0,772
2721096,1400.0,1487
2722848,575.0,891
2723768,570.0,722
2724784,600.0,735
2726256,1435.0,1777
2728184,600.0,886
2728352,1115.0,1641
2728696,800.0,966
2731184,1315.0,2011
2732112,585.0,916
2732552,540.0,787
2734840,600.0,832
2735392,570.0,837
2736168,1230.0,1665
2737112,1125.0,1668
2739632,600.0,885
2741640,1170.0,1661
2741712,745.0,790
2743160,1175.0,1497
2744656,600.0,943
2746192,1185.0,1760
2746480,495.0,856
2747744,515.0,763
2748312,1065.0,1518
2748440,545.0,660
2750232,1205.0,1924
2753408,600.0,866
2753680,600.0,936
2754656,580.0,793
2755792,1150.0,1760
2756224,600.0,749
2758688,1075.0,1754
2759720,1200.0,1497
2759816,570.0,767
2760592,600.0,898
2760880,1305.0,1555
2761272,575.0,685
2761672,800.0,877
2762472,800.0,781
2765120,605.0,804
2765936,745.0,777
2766096,775.0,652
2766648,745.0,672
2767720,570.0,756
2768784,740.0,789
2772152,775.0,777
2773408,1405.0,1699
2773808,540.0,895
2774184,1320.0,1699
2775320,600.0,950
2775488,930.0,1174
2778088,1255.0,1621
2779288,770.0,685
2779544,570.0,767
2780576,600.0,1053
2781168,1375.0,1548
2781248,570.0,741
2787064,540.0,737
2788120,1205.0,1742
2788216,965.0,1116
2788448,1120.0,1620
2788568,600.0,915
2790056,1305.0,1496
2792328,1525.0,1598
2792624,600.0,695
2794256,1200.0,1710
2795248,600.0,879
2795352,605.0,848
2795832,600.0,923
2798696,575.0,759
2799856,605.0,700
2799936,570.0,951
2801000,1280.0,1610
2801608,745.0,782
2803440,1375.0,1673
2804480,600.0,723
2806016,800.0,760
2807304,600.0,788
2807880,1030.0,1506
2807960,575.0,794
2811760,1055.0,1488
2812976,1525.0,2216
2813408,600.0,763
2814192,770.0,1022
2815144,730.0,908
2816224,1120.0,1598
2817584,575.0,728
2817928,1325.0,1681
2819096,575.0,765
2819096,1130.0,1392
2821688,600.0,818
2821976,575.0,1071
2824320,600.0,842
2825856,770.0,845
2828216,1435.0,1753
2828544,470.0,821
2829280,905.0,1419
2830552,1435.0,1791
2832504,1200.0,1676
2832816,600.0,1062
2833432,600.0,947
2835072,1320.0,1673
2835664,770.0,931
2836008,545.0,933
2836408,745.0,732
2838912,490.0,801
2840624,545.0,976
2841680,590.0,826
2841864,545.0,732
2842872,1575.0,1699
2843184,575.0,940
2844032,1120.0,1325
2845592,775.0,835
2847568,600.0,868
2848712,600.0,856
2849344,575.0,958
2849864,545.0,729
2849888,1805.0,1685
2852360,845.0,1186
2856152,570.0,1073
2856296,600.0,948
2857456,600.0,946
2857472,770.0,951
2858864,600.0,813
2859136,1210.0,1693
2859704,845.0,1295
2861888,545.0,717
2863336,2030.0,2519
2863976,770.0,960
2864128,385.0,658
2865632,545.0,741
2866736,1220.0,1160
2867472,545.0,698
2869040,575.0,713
2869368,1070.0,1487
2870960,605.0,854
2873048,600.0,927
2873216,1490.0,1760
2873944,1110.0,1246
2875464,575.0,803
2878192,520.0,904
2879080,485.0,754
2879408,1145.0,1492
2879616,600.0,800
2879752,1160.0,1298
2880736,550.0,849
2881240,1430.0,1813
2882864,600.0,925
2885216,800.0,767
2886464,575.0,716
2886584,600.0,854
2887720,800.0,810
2890576,920.0,1370
2891816,1230.0,1703
2892144,845.0,1160
2893344,1375.0,1742
2897512,570.0,867
2897680,1175.0,1558
2898400,1640.0,1492
2899104,1005.0,1423
2899256,575.0,739
2900920,1080.0,1792
2902632,945.0,1352
2903472,540.0,745
2904768,575.0,689
2904928,1440.0,1598
2906720,480.0,725
2911736,580.0,851
2911920,1370.0,1780
2912432,1170.0,1754
2912664,1585.0,1695
2913296,960.0,1066
2915464,850.0,1093
2915912,1375.0,1555
2916288,1205.0,1707
2917936,555.0,775
2919720,800.0,882
2922416,570.0,813
2922440,600.0,872
2923480,585.0,899
2924272,600.0,792
2924456,1185.0,1567
2924680,1070.0,1423
2927200,605.0,935
2927208,1175.0,1847
2929280,600.0,858
2930752,540.0,1039
2931064,600.0,948
2931256,570.0,873
2931648,600.0,871
2932216,380.0,626
2932936,800.0,1060
2933736,600.0,817
2937248,745.0,773
2937560,605.0,851
2938152,600.0,742
2938568,570.0,704
2940608,985.0,1416
2940968,800.0,904
2942992,950.0,1418
2944232,1145.0,1622
2946072,835.0,1064
2946232,570.0,958
2946536,555.0,741
2950040,1260.0,1599
2950728,1355.0,1572
2951328,375.0,599
2953216,1230.0,1531
2954656,1090.0,1458
2957448,770.0,840
2957616,835.0,1443
2958768,1370.0,1817
2960232,605.0,877
2960992,880.0,1208
2961520,1145.0,1911
2962080,1445.0,1505
2964832,945.0,758
2965808,475.0,697
2967816,1230.0,1645
2969352,905.0,1488
2970480,1185.0,1608
2973784,1245.0,1599
2973912,1115.0,1549
2974640,1120.0,1570
2974824,940.0,1249
2977024,605.0,818
2978880,1200.0,1634
2980000,990.0,1331
2980664,600.0,844
2980792,1215.0,1622
2984472,965.0,1336
2985304,1005.0,1310
2985928,600.0,881
2986688,610.0,836
2986872,1205.0,1529
2989896,1150.0,1609
2991600,770.0,787
2992200,1130.0,1426
2993208,600.0,815
2993256,600.0,916
2994432,840.0,945
2995216,1150.0,1819
2999592,575.0,792
3000176,570.0,718
3000312,1035.0,1302
3000504,605.0,912
3002840,545.0,953
3004888,1380.0,1661
3005448,2230.0,2622
3006288,1120.0,1761
3007496,600.0,874
3008264,920.0,994
3008336,600.0,687
3012528,810.0,780
3012688,1230.0,1564
3012752,1295.0,1645
3014512,805.0,781
3015008,600.0,939
3015392,545.0,882
3017440,1175.0,1569
3017968,1330.0,1565
3019344,600.0,852
3019776,605.0,878
3020984,575.0,747
3021608,525.0,777
3023456,770.0,686
3023568,1045.0,1360
3024752,605.0,676
3025416,570.0,705
3027320,570.0,792
3028272,1690.0,1720
3029768,1110.0,1541
3030040,525.0,1054
3030840,570.0,761
3033416,695.0,762
3036168,745.0,800
3036384,1700.0,1602
3036936,1290.0,1685
3037968,1430.0,1569
3041000,1320.0,1591
3042232,1135.0,1524
3042456,570.0,786
3042840,1100.0,1500
3044488,1095.0,1384
3044808,570.0,855
3045712,930.0,1097
3048088,545.0,732
3049464,1005.0,1635
3049920,800.0,885
3049992,545.0,688
3052104,725.0,912
3052312,910.0,1232
3054896,1120.0,1737
3054952,465.0,858
3055248,545.0,723
3057464,1175.0,1469
3058576,540.0,783
3060576,1000.0,1059
3061016,545.0,765
3061256,545.0,751
3062016,570.0,883
3062496,1230.0,1572
3065680,1250.0,1961
3066584,600.0,696
3067336,575.0,760
3068000,600.0,748
3068120,545.0,703
3068136,575.0,945
3068392,870.0,1366
3069904,985.0,1416
3073984,570.0,831
3075232,570.0,904
3075320,600.0,898
3075592,600.0,934
3075912,600.0,940
3077096,600.0,899
3077328,1015.0,1456
3078312,815.0,1466
3083496,800.0,1033
3084304,575.0,872
3084472,860.0,1070
3086392,1130.0,1551
3087128,1205.0,1476
3089000,1380.0,1676
3090728,540.0,803
3091168,570.0,837
3091224,1235.0,1614
3091504,1175.0,1801
3096472,570.0,934
3096752,550.0,698
3097240,540.0,717
3097376,575.0,769
3097816,1145.0,1790
3099968,1475.0,1697
3100272,1075.0,1643
3101960,990.0,1404
3103288,570.0,756
3104272,600.0,940
3104576,515.0,845
3104680,575.0,1026
3105824,600.0,694
3107360,600.0,924
3108960,600.0,875
3110952,745.0,835
3111752,1230.0,1797
3112288,600.0,964
3112728,515.0,863
3115408,570.0,1006
3116896,1175.0,1701
3117384,1370.0,1588
3119216,520.0,866
3120816,1120.0,1482
3122256,770.0,856
3123328,490.0,743
3123768,570.0,859
3124856,745.0,705
3124920,1520.0,1524
3125120,1230.0,1771
3127568,1205.0,1977
3129952,600.0,828
3132216,575.0,912
3132312,600.0,899
3133048,1430.0,1529
3133808,520.0,780
3136352,1230.0,1762
3136840,1235.0,1634
3138072,600.0,732
3138104,1405.0,1656
3140152,600.0,793
3143104,600.0,783
3143296,1205.0,1668
3143360,800.0,876
3144176,855.0,1391
3145232,1155.0,1615
3146576,605.0,803
3148224,965.0,1265
3150656,580.0,810
3150688,1145.0,1577
3153400,570.0,853
3155528,1175.0,1553
3156776,1085.0,1677
3159568,1385.0,1792
3160928,1205.0,1588
3163512,1325.0,1603
3163688,1155.0,1286
3163760,1890.0,2558
3165120,1400.0,1808
3165256,600.0,711
3165928,855.0,1144
3166992,580.0,758
3168568,1305.0,1630
3169368,575.0,732
3170944,570.0,898
3172416,600.0,895
3173288,810.0,920
3174416,600.0,928
3176104,1380.0,1552
3176760,545.0,727
3178528,1180.0,1676
3179464,975.0,1362
3181072,575.0,832
3181928,985.0,1570
3183512,600.0,844
3184240,570.0,714
3187184,1205.0,1737
3187256,1230.0,1855
3188296,805.0,796
3189176,1145.0,1634
3189800,545.0,695
3190928,545.0,927
3192024,1110.0,1369
3192760,1155.0,1662
3194592,605.0,926
3195544,570.0,906
3197648,545.0,840
3199840,600.0,885
3202440,1180.0,1658
3203192,1135.0,1674
3203624,545.0,747
3204328,1100.0,1538
3207640,1830.0,2548
3207704,505.0,658
3209128,1200.0,1698
3209512,1230.0,1865
3209680,755.0,757
3211120,575.0,991
3211728,600.0,925
3213088,1345.0,1656
3213600,545.0,737
3213976,605.0,792
3214712,570.0,698
3217528,545.0,801
3218360,545.0,829
3219976,805.0,797
3220192,570.0,777
3222264,1260.0,1594
3224440,1205.0,1419
3224544,1175.0,1858
3225184,770.0,651
3225648,545.0,911
3226200,580.0,751
3228352,915.0,1353
3229536,695.0,909
3229880,1200.0,1896
3231408,545.0,871
3232232,570.0,881
3234808,855.0,1076
3235392,745.0,732
3235976,605.0,762
3238224,1205.0,1572
3240472,525.0,708
3241688,570.0,714
3242376,1230.0,1753
3243128,1860.0,2323
3244208,1175.0,1600
3244456,540.0,779
3245136,1145.0,1613
3248824,1200.0,1679
3249960,600.0,948
3250232,605.0,722
3250960,575.0,844
3253480,1155.0,1626
3255504,1205.0,1727
3257088,1430.0,1745
3258064,800.0,979
3258992,545.0,689
3259064,1090.0,1741
3260872,1130.0,1506
3263752,1345.0,1599
3265064,600.0,875
3267152,1390.0,2149
3268528,1230.0,1628
3269712,545.0,745
3270272,1175.0,1648
3271312,1150.0,1531
3271504,1315.0,1564
3272248,545.0,637
3275120,1065.0,1781
3275576,770.0,733
3277624,740.0,672
3277856,600.0,948
3278136,600.0,829
3278248,600.0,867
3279280,1175.0,1777
3281024,575.0,738
3282312,1515.0,1723
3282952,800.0,922
3283560,600.0,713
3285208,545.0,741
3286656,600.0,704
3288272,985.0,1253
3291176,1230.0,1630
3291848,1200.0,1778
3292176,600.0,871
3295200,1345.0,1455
3295768,1155.0,1602
3297216,545.0,671
3297240,500.0,758
3298080,1115.0,1428
3298360,1090.0,1261
3298952,1700.0,2080
3302464,550.0,653
3303936,775.0,697
3304960,800.0,860
3306680,1375.0,1813
3308072,600.0,701
3308768,1205.0,1625
3308864,1575.0,1708
3310072,570.0,767
3310128,1120.0,1614
3314360,545.0,699
3314416,605.0,793
3314792,540.0,741
3316888,575.0,852
3317008,1540.0,2257
3318064,1180.0,1638
3320264,545.0,738
3320368,545.0,744
3320472,1150.0,1724
3321664,800.0,859
3322840,970.0,744
3323656,600.0,831
3323736,1370.0,1701
3324664,545.0,825
3325272,780.0,626
3325776,600.0,676
3325784,600.0,664
3329880,570.0,768
3330392,570.0,640
3331984,570.0,775
3333096,960.0,1429
3336512,1215.0,1481
3336704,1185.0,1733
3337048,570.0,832
3338272,1575.0,1827
3338432,570.0,806
3340152,1230.0,1797
3342064,570.0,627
3342800,570.0,786
3342976,1095.0,1637
3344600,965.0,1438
3346048,600.0,737
3348688,600.0,828
3349456,1160.0,1594
3350704,1200.0,1534
3351688,1605.0,1677
3355016,1015.0,1302
3355464,1200.0,1561
3356152,1060.0,1263
3356328,600.0,955
3357016,1205.0,1777
3357104,800.0,677
3357648,570.0,868
3359520,990.0,1258
3360768,605.0,719
3360896,545.0,679
3363440,605.0,792
3366120,540.0,669
3368384,1185.0,1421
3369136,555.0,712
3369304,1230.0,1622
3369312,1175.0,1645
3370360,1235.0,1589
3373008,1345.0,1686
3373136,1375.0,1530
3374624,775.0,780
3375240,515.0,742
3375440,575.0,766
3377560,800.0,900
3378688,745.0,694
3379336,1415.0,1652
3380560,570.0,742
3381680,1205.0,1568
3384288,545.0,841
3385776,1125.0,1596
3386152,930.0,1364
3386208,750.0,706
3388232,1130.0,1599
3389968,570.0,710
3391128,570.0,669
3391648,1630.0,1620
3392040,545.0,729
3392592,1175.0,1657
3392848,600.0,837
3393048,975.0,1421
3393856,745.0,703
3396280,545.0,789
3396888,550.0,720
3399944,575.0,887
3399992,770.0,868
3400232,950.0,1024
3402480,545.0,775
3404104,800.0,902
3404552,1120.0,1495
3404992,1170.0,1668
3405592,515.0,670
3407192,1375.0,1667
3409544,545.0,624
3410168,570.0,758
3412576,600.0,873
3412816,1175.0,1603
3412840,1175.0,1612
3415816,1180.0,1667
3418568,605.0,719
3419408,1175.0,1233
3420896,1430.0,1713
3423344,1230.0,1647
3423736,575.0,646
3425640,1155.0,1633
3425664,520.0,782
3425848,1385.0,1626
3426088,770.0,649
3427792,1345.0,1497
3428448,2150.0,2932
3431120,575.0,659
3431352,575.0,952
3432712,605.0,828
3436696,1100.0,1379
3437472,1200.0,1766
3437824,605.0,639
3438272,1175.0,1579
3440608,1175.0,1602
3441024,1185.0,1572
3442696,1110.0,1447
3443640,575.0,868
3443784,570.0,689
3443928,1170.0,1572
3446656,600.0,756
3447320,575.0,787
3449608,605.0,746
3449888,1405.0,1552
3450328,585.0,800
3450752,1145.0,1616
3454232,545.0,864
3454632,550.0,628
3456624,1330.0,1605
3457176,1400.0,1810
3460376,960.0,1256
3460728,1120.0,1759
3463088,770.0,739
3464256,1560.0,1796
3464280,1175.0,1691
3467744,570.0,877
3468544,1400.0,1739
3469008,1205.0,1847
3469864,545.0,847
3470488,545.0,776
3470736,1175.0,1764
3471824,525.0,946
3472992,1405.0,1577
3474800,545.0,882
3475008,545.0,643
3477072,1000.0,792
3477208,775.0,1083
3479272,975.0,931
3481104,545.0,788
3481872,570.0,858
3483464,1430.0,1622
3483928,1580.0,1865
3484528,545.0,657
3484912,1375.0,1490
3486736,600.0,704
3489104,575.0,904
3490112,570.0,773
3490568,1230.0,1687
3490792,605.0,735
3491464,1370.0,1782
3492144,575.0,952
3492960,605.0,778
3495456,1160.0,1499
3495856,540.0,844
3498792,600.0,729
3499312,555.0,896
3501800,1080.0,1461
3503312,1355.0,1593
3503976,1155.0,1564
3504192,1175.0,1675
3506088,555.0,847
3507176,1145.0,1465
3509080,1175.0,1653
3510720,805.0,816
3511224,600.0,906
3511384,1385.0,1574
3512200,575.0,628
3513040,800.0,869
3515320,975.0,1501
3515432,1230.0,1704
3518128,515.0,741
3519072,575.0,754
3520968,1070.0,1198
3521920,575.0,811
3522208,1385.0,1641
3524160,1210.0,1680
3525136,1235.0,1739
3527000,570.0,754
3527512,1345.0,1524
3531176,985.0,1513
3531376,1175.0,1656
3532640,570.0,938
3533760,540.0,845
3534248,965.0,1261
3534280,1175.0,1545
3534944,1150.0,1592
3536744,525.0,696
3537184,525.0,726
3538760,570.0,765
3539936,605.0,772
3540136,1355.0,1578
3541440,750.0,812
3541808,510.0,941
3543416,945.0,779
3545656,995.0,1426
3545664,545.0,863
3546432,545.0,812
3546768,600.0,829
3547936,570.0,766
3549520,995.0,1597
3549656,575.0,780
3551312,570.0,707
3553104,605.0,792
3553176,800.0,843
3554400,545.0,808
3554624,810.0,621
3554960,1375.0,1690
3557440,725.0,766
3559104,575.0,741
3560368,555.0,746
3560752,1325.0,1404
3564744,555.0,913
3566376,1205.0,1659
3567248,1235.0,1578
3569368,1205.0,1801
3569520,935.0,1302
3570344,720.0,700
3571536,2835.0,3234
3572712,570.0,683
3574008,1170.0,1657
3574216,1145.0,1731
3577520,1370.0,1393
3577688,545.0,769
3579424,545.0,677
3581208,1130.0,1480
3583016,1175.0,1687
3583736,1175.0,1674
3584352,1145.0,1455
3586240,1345.0,1503
3587120,540.0,739
3589464,575.0,806
3590240,1145.0,1590
3591376,1380.0,1711
3591936,570.0,948
3592480,1405.0,1632
3595856,1320.0,1515
3597744,1015.0,1328
3599640,575.0,895
3602128,1745.0,1486
3602464,1145.0,1625
3603544,1125.0,1521
3605056,605.0,914
3605440,1175.0,1688
3608712,600.0,781
3609072,1125.0,1652
3610608,410.0,646
3610928,2895.0,3086
3612056,1150.0,1552
3615080,1205.0,1442
3616120,570.0,649
3616448,1090.0,1790
3617944,1175.0,1611
3620336,1100.0,1408
3620792,1200.0,1510
3621192,970.0,1323
3623000,575.0,819
3624336,1150.0,1535
3626576,600.0,780
3627760,540.0,821
3628344,1405.0,1658
3629760,1350.0,1705
3630400,1605.0,1557
3633880,1145.0,1636
3634368,600.0,753
3635776,1150.0,1597
3636712,575.0,869
3638648,1150.0,1789
3639816,1150.0,1655
3642552,600.0,847
3642616,1350.0,1527
3642832,1200.0,1884
3646664,1170.0,1598
3646672,1320.0,1538
3647224,340.0,584
3648112,745.0,687
3650008,1330.0,1662
3651360,1175.0,1443
3652232,1290.0,1698
3653896,1015.0,1383
3654272,745.0,770
3657928,1295.0,1408
3659536,1175.0,1608
3660160,1205.0,1617
3661688,805.0,974
3662720,200.0,398
3662736,1230.0,1591
3663920,1025.0,1461
3664112,985.0,1594
3664648,575.0,840
3666928,1180.0,1582
3667960,570.0,653
3668088,570.0,671
3670712,600.0,758
3672472,570.0,693
3674480,1070.0,1790
3675320,1405.0,1704
3675560,570.0,934
3676584,1175.0,1559
3677152,1120.0,1654
3680056,1435.0,1512
3681032,550.0,714
3682840,600.0,711
3683696,1230.0,1623
3686312,1095.0,1216
3686880,550.0,731
3687720,1200.0,1520
3690304,985.0,1281
3693336,2310.0,2608
3693816,1805.0,2417
3694080,775.0,900
3695712,1140.0,1609
3696912,1205.0,1652
3697424,1200.0,1389
3699392,600.0,757
3699400,1200.0,1460
3701184,1185.0,1360
3702528,245.0,392
3703576,600.0,833
3704720,965.0,1330
3706528,600.0,891
3706992,1430.0,1647
3707776,810.0,824
3708376,1230.0,1583
3708960,990.0,1442
3711400,600.0,978
3712192,855.0,1208
3713112,545.0,823
3715840,1500.0,1390
3717304,600.0,738
3717416,520.0,653
3719368,1205.0,1449
3720232,1145.0,1655
3720576,1350.0,1525
3720776,1345.0,1477
3726136,545.0,738
3726528,1385.0,1677
3726536,575.0,720
3727944,1330.0,1513
3730168,1205.0,1594
3731360,1145.0,1757
3732560,1175.0,1649
3732640,770.0,763
3733112,1175.0,1567
3734048,600.0,763
3739064,1175.0,1567
3739736,860.0,1196
3739752,555.0,830
3740728,1405.0,1824
3744112,1350.0,1594
3746480,570.0,719
3746536,1145.0,1561
3746616,545.0,860
3746720,1205.0,1770
3747664,1145.0,1878
3751960,1405.0,1612
3752216,1205.0,1558
3752456,545.0,747
3753000,805.0,1111
3753336,575.0,840
3758432,450.0,777
3760048,770.0,949
3760320,1100.0,1700
3761648,1175.0,1748
3762144,1400.0,1951
3763792,1305.0,1307
3764624,570.0,774
3765928,495.0,701
3766008,1230.0,1756
3766280,1075.0,1660
3768432,600.0,848
3770992,575.0,796
3774440,1315.0,1799
3775232,1200.0,1636
3778312,690.0,915
3778584,1175.0,1849
3778928,1100.0,1625
3779232,1095.0,1619
3780576,1150.0,1518
3780760,1015.0,1844
3785192,600.0,826
3785448,580.0,892
3785608,805.0,835
3785792,600.0,820
3786776,570.0,775
3787712,1200.0,1659
3788408,1090.0,1647
3790984,600.0,649
3791032,1045.0,1284
3798208,740.0,903
3798352,1175.0,1593
3798544,1320.0,1669
3798824,1000.0,1389
3799184,1095.0,1717
3799856,1175.0,1635
3801384,1375.0,1622
3803472,305.0,616
3804456,600.0,763
3805352,770.0,893
3805480,1175.0,1806
3805584,585.0,845
3809264,545.0,724
3811080,1230.0,1487
3812144,1345.0,1536
3812152,545.0,850
3812568,540.0,1014
3812632,1090.0,1406
3815408,575.0,768
3817512,1065.0,1504
3817768,545.0,836
3818520,555.0,797
3818952,1375.0,1671
3822224,570.0,852
3823888,1000.0,1407
3825784,1380.0,1704
3826088,570.0,946
3826144,1400.0,1697
3827056,545.0,1013
3830352,1070.0,1605
3830496,1230.0,1591
3833824,545.0,846
3835840,1115.0,1702
3836056,1150.0,1521
3837968,1125.0,1478
3838840,1205.0,1632
3840504,775.0,835
3842120,1660.0,2004
3842144,1330.0,1456
3843496,1325.0,1643
3845192,725.0,794
3848568,1260.0,1591
3849424,605.0,741
3850016,1145.0,1745
3851384,1230.0,1677
3852152,715.0,870
3854864,1175.0,1795
3855576,800.0,876
3855592,570.0,771
3856136,1230.0,1749
3856312,1240.0,1774
3857848,570.0,979
3859704,605.0,944
3862176,745.0,825
3862360,775.0,756
3862440,1145.0,1382
3863616,775.0,935
3866032,600.0,791
3868560,1230.0,1712
3868656,575.0,787
3870360,570.0,843
3871280,1405.0,1679
3871536,545.0,688
3874088,1750.0,2312
3875376,1200.0,1617
3875504,610.0,868
3875504,1370.0,1666
3878104,545.0,853
3878640,575.0,888
3882672,805.0,896
3884720,1185.0,1795
3887688,1170.0,1700
3888496,1330.0,1640
3889840,2185.0,2648
3889928,1230.0,1803
3890608,1320.0,1563
3892184,1200.0,1693
3894128,540.0,704
3894576,1175.0,1488
3898184,1275.0,1683
3898280,570.0,762
3900520,935.0,1324
3900624,1245.0,1252
3900960,1230.0,1659
3901624,800.0,937
3901632,555.0,882
3902872,1115.0,1629
3903664,455.0,685
3903784,545.0,688
3906880,540.0,782
3908720,770.0,886
3908776,550.0,738
3914096,1175.0,1559
3914472,1205.0,1744
3914960,610.0,773
3915032,1535.0,1759
3916560,575.0,980
3916696,1200.0,1629
3918384,1370.0,1438
3918560,1145.0,1847
3921744,600.0,909
3922184,545.0,903
3923576,570.0,649
3924744,515.0,773
3926280,1575.0,1523
3927360,1180.0,1350
3927752,805.0,696
3930000,545.0,803
3930376,550.0,704
3930592,1230.0,1945
3931408,1350.0,1839
3933464,575.0,714
3934896,1200.0,1644
3938624,1295.0,1543
3939824,570.0,795
3941880,1105.0,1438
3941928,600.0,879
3942112,1495.0,1844
3943592,1230.0,1699
3944336,1545.0,1718
3944384,1230.0,1622
3948096,570.0,748
3948544,575.0,827
3951656,675.0,909
3951944,1315.0,1515
3952720,1300.0,1762
3953888,1120.0,1501
3956936,1145.0,1668
3957400,1115.0,1633
3957760,570.0,763
3959448,570.0,841
3959720,1355.0,1397
3960520,600.0,829
3962936,745.0,750
3963840,1580.0,1968
3964736,605.0,661
3964744,1320.0,1600
3965792,545.0,759
3970144,1200.0,1593
3970272,1145.0,1564
3971792,775.0,1107
3974552,1200.0,1754
3976128,545.0,732
3976232,520.0,761
3976632,1145.0,1487
3976840,1230.0,1625
3978728,1430.0,1748
3979240,1175.0,1681
3982608,570.0,810
3984632,740.0,974
3985576,1250.0,1378
3985760,1230.0,1746
3986464,570.0,903
3989856,1400.0,1391
3990424,1400.0,1724
3990472,1575.0,1780
3991744,545.0,748
3996808,1230.0,1775
3997368,1105.0,1592
3997416,1250.0,1480
3997432,575.0,876
3997888,570.0,768
3998944,1145.0,1560
4001872,1165.0,1502
4002728,1145.0,1532
4003448,570.0,760
4003728,605.0,865
4005224,570.0,785
4007880,600.0,751
4008568,720.0,730
4008920,1200.0,1438
4009256,575.0,726
4010616,1635.0,1648
4010776,600.0,881
4011920,1175.0,1754
4014120,555.0,694
4014832,1035.0,1201
4016368,460.0,889
4016632,570.0,964
4018648,1115.0,1346
4021432,545.0,914
4022248,1220.0,1434
4022672,570.0,788
4023224,570.0,1049
4023928,1120.0,1664
4025632,1130.0,1714
4029632,1375.0,1625
4029960,1175.0,1414
4031136,600.0,901
4033112,840.0,1358
4033656,1175.0,1373
4034912,1045.0,1461
4035984,575.0,753
4036664,1175.0,1904
4036696,1020.0,1383
4040008,465.0,637
4040928,570.0,909
4042536,1100.0,1425
4043104,1175.0,1684
4044600,1175.0,1436
4046568,1010.0,1234
4047728,1090.0,1468
4051320,1200.0,1832
4052064,545.0,933
4052696,740.0,766
4053888,1210.0,1735
4054560,1125.0,1503
4054816,1230.0,1736
4056072,1230.0,1621
4056456,575.0,642
4059640,570.0,719
4061048,545.0,779
4062440,865.0,1297
4065288,570.0,706
4067672,1205.0,1639
4068480,575.0,929
4069312,1075.0,1607
4069584,1905.0,2732
4070784,1260.0,1839
4070880,540.0,699
4071520,2060.0,2353
4075592,570.0,990
4075736,575.0,769
4075752,720.0,805
4075808,1200.0,1671
4076296,805.0,689
4076984,575.0,763
4080352,1230.0,1484
4081648,570.0,737
4082352,575.0,757
4083232,1205.0,1464
4087688,1175.0,1512
4087800,1205.0,1508
4088624,1325.0,1602
4088680,680.0,1041
4089400,745.0,771
4089928,1205.0,1618
4093944,545.0,665
4095792,600.0,889
4096240,1430.0,1736
4099568,280.0,416
4100008,1780.0,2295
4100160,1230.0,1559
4100264,1405.0,1558
4100840,545.0,862
4102144,1200.0,1593
4102312,1205.0,1548
4104568,545.0,625
4105640,570.0,685
4106656,545.0,727
4106936,570.0,834
4107712,550.0,675
4108528,605.0,798
4108840,1170.0,1631
4111952,1090.0,1493
4115824,935.0,1407
4115856,570.0,916
4116248,570.0,926
4116944,1145.0,1413
4117048,545.0,637
4119112,1380.0,1522
4119576,1375.0,1483
4122312,570.0,807
4122912,570.0,746
4123288,500.0,880
4124856,685.0,976
4125296,1810.0,2330
4125368,775.0,782
4126640,600.0,883
4129056,570.0,843
4129304,1145.0,1685
4130568,600.0,910
4133024,775.0,798
4135472,575.0,802
4136096,1345.0,1648
4136200,520.0,862
4138672,1205.0,1672
4139360,570.0,792
4139760,1350.0,1799
4141240,525.0,721
4141688,600.0,699
4142416,1175.0,1481
4142664,605.0,808
4144792,2320.0,2492
4147656,570.0,1037
4148832,600.0,893
4149168,930.0,1312
4149320,570.0,863
4150464,570.0,709
4151336,1110.0,1447
4153888,190.0,428
4154368,1405.0,1641
4154872,1175.0,1526
4155400,540.0,760
4156320,520.0,894
4157288,545.0,744
4160496,570.0,703
4161160,600.0,849
4161544,1375.0,1736
4161576,570.0,772
4162232,1200.0,1675
4167256,1345.0,1671
4169024,1180.0,1588
4169248,800.0,963
4170072,1205.0,1598
4172896,1070.0,1467
4173616,1125.0,1640
4174072,1230.0,1562
4174848,600.0,949
4174968,545.0,715
4175696,545.0,834
4178472,1615.0,2030
4178560,540.0,708
4182168,545.0,900
4183536,1175.0,1683
4183976,745.0,677
4186064,1605.0,1556
4187608,1575.0,1489
4188016,1150.0,1743
4189920,545.0,798
4189960,545.0,748
4191688,1125.0,1652
4193488,1660.0,2330
4193960,570.0,743
4194960,1235.0,1599
4196208,570.0,781
4197248,990.0,1398
4197880,570.0,774
4200240,1150.0,1579
4202560,1180.0,1580
4202656,570.0,806
4202664,605.0,963
4205032,525.0,894
4206048,740.0,726
4207320,1100.0,1729
4208520,755.0,733
4208528,540.0,746
4208632,570.0,746
4209560,1045.0,1539
4211008,540.0,747
4213024,1895.0,2383
4214800,600.0,785
4216720,575.0,895
4218792,1170.0,1593
4219464,1430.0,1518
4221008,1200.0,1560
4222240,710.0,930
4222480,1185.0,1731
4223072,570.0,794
4224272,1205.0,1658
4224856,775.0,758
4225600,1200.0,1572
4227608,570.0,1018
4228192,515.0,744
4228456,545.0,673
4228528,600.0,756
4231984,745.0,891
4232048,570.0,972
4232240,575.0,830
4234280,600.0,719
4234304,1725.0,1662
4237784,545.0,717
4240896,465.0,827
4241088,1615.0,1685
4241408,605.0,888
4243168,1230.0,1839
4244152,745.0,796
4244192,1435.0,2000
4245680,1210.0,1680
4249152,545.0,748
4249568,1710.0,2198
4252136,1070.0,1341
4253416,600.0,967
4253920,1155.0,1628
4254560,1230.0,1684
4257048,1405.0,1612
4257344,1205.0,1644
4260488,535.0,821
4262696,1170.0,1641
4263232,1200.0,1760
4263824,710.0,847
4265856,1120.0,1412
4266192,800.0,713
4266392,1465.0,1782
4267032,1345.0,1702
4270400,1430.0,1632
4272656,545.0,808
4274128,1090.0,1429
4274936,820.0,1389
4275896,1205.0,1583
4277392,1200.0,1442
4277800,545.0,925
4278528,1070.0,1517
4278968,600.0,789
4279600,1175.0,1571
4281544,570.0,826
4281720,540.0,728
4283392,305.0,553
4286856,1170.0,1591
4287112,570.0,939
4288632,545.0,886
4290248,1200.0,1607
4290344,1235.0,1477
4290632,1345.0,1604
4294176,1120.0,1557
4295200,1155.0,1476
4296272,515.0,955
4296776,570.0,816
4296800,545.0,771
4299216,1205.0,1513
4300560,1545.0,1713
4302704,570.0,938
4303856,1230.0,1689
4307784,600.0,1071
4307832,1375.0,1707
4308320,1150.0,1440
4308928,1175.0,1582
4308968,780.0,1051
4309376,1105.0,1575
4313560,545.0,655
4314272,570.0,805
4315920,1145.0,1508
4317944,1490.0,1905
4319072,545.0,689
4319888,1200.0,1513
4320800,1100.0,1479
4321888,570.0,746
4321984,1145.0,1632
4322496,1805.0,1640
4327056,1175.0,1598
4328624,780.0,766
4330576,1045.0,1086
4332472,1355.0,1816
4333336,1230.0,1567
4333800,1235.0,1841
4335096,1200.0,1639
4336408,540.0,729
4338816,2005.0,2366
4339552,545.0,777
4339560,540.0,720
4339768,570.0,912
4340856,1230.0,1725
4341936,1200.0,1664
4342512,545.0,763
4343152,745.0,1007
4346088,545.0,817
4347976,575.0,683
4349016,915.0,1182
4349504,920.0,1336
4352488,960.0,1167
4353256,1160.0,1550
4353576,570.0,700
4354624,1200.0,1857
4355232,1115.0,1662
4356504,800.0,936
4357344,515.0,607
4359704,1145.0,1702
4359784,955.0,816
4361120,545.0,736
4362576,1405.0,1634
4364936,1110.0,1420
4367040,600.0,740
4368184,545.0,701
4368368,1430.0,1718
4369688,720.0,1238
4369904,1230.0,1675
4371064,1175.0,1715
4372224,1145.0,1565
4372800,600.0,720
4374080,600.0,737
4375736,545.0,729
4376120,600.0,969
4377616,1185.0,1585
4379200,570.0,872
4381776,1200.0,1511
4382920,1215.0,1482
4384160,605.0,818
4385816,1405.0,1627
4386712,1200.0,1579
4387144,1030.0,1426
4388632,1175.0,1564
4389600,600.0,978
4391984,695.0,1133
4392136,1150.0,1617
4392680,575.0,858
4394944,545.0,789
4395912,1175.0,1469
4396168,495.0,821
4397280,380.0,662
4398208,930.0,1383
4400480,1230.0,1721
4402776,540.0,826
4402792,540.0,689
4405072,1125.0,1549
4405528,1405.0,1674
4407544,1405.0,1575
4407576,770.0,887
4408736,1350.0,1603
4411632,1375.0,1678
4414152,770.0,826
4414576,575.0,730
4414640,995.0,1483
4414640,1175.0,1481
4418072,600.0,805
4418208,1115.0,1642
4418472,1200.0,1618
4420664,1320.0,1636
4420920,720.0,846
4421160,515.0,815
4425640,600.0,946
4426248,570.0,698
4427256,575.0,792
4427872,1205.0,1654
4428256,1375.0,1710
4428960,1160.0,1311
4431976,1205.0,1721
4432320,570.0,759
4433368,600.0,966
4433704,1075.0,1568
4435416,600.0,943
4437808,645.0,729
4438840,570.0,815
4439976,570.0,784
4440416,505.0,881
4441416,1230.0,1645
4441456,1345.0,1562
4441896,1400.0,1830
4445736,545.0,720
4445848,575.0,876
4447240,600.0,723
4447336,1050.0,1490
4449976,1515.0,1521
4455272,600.0,992
4455304,1430.0,1676
4456552,775.0,822
4457536,1150.0,1461
4459272,1355.0,1692
4460296,1860.0,2485
4460368,1170.0,1641
4460808,2130.0,2424
4461136,570.0,729
4462192,600.0,705
4462640,605.0,921
4468448,515.0,1019
4468600,1205.0,1383
4470376,1020.0,1251
4471960,1095.0,1394
4472008,1175.0,1592
4473248,1405.0,1514
4476272,1230.0,1704
4476976,600.0,825
4477040,545.0,635
4477336,1350.0,1893
4479928,570.0,835
4481256,1360.0,1582
4481472,1405.0,1628
4483968,1295.0,1495
4487040,575.0,696
4488328,555.0,884
4489032,1175.0,1499
4489608,550.0,705
4490952,1200.0,1747
4492024,1410.0,1836
4494160,2005.0,2236
4494176,580.0,643
4495048,600.0,840
4495440,1725.0,1939
4497992,575.0,746
4501656,545.0,937
4502504,1425.0,1933
4502784,1175.0,1647
4505264,1205.0,1789
4508904,1240.0,1683
4509232,1200.0,1882
4509632,1260.0,1823
4511592,1200.0,1700
4514632,610.0,716
4516728,1430.0,1743
4517080,1210.0,1822
4517488,1625.0,1979
4518248,1205.0,1623
4521080,1045.0,1186
4521416,1170.0,1473
4521592,575.0,870
4523808,600.0,841
4527704,545.0,764
4528280,740.0,900
4528856,575.0,930
4529064,1125.0,1542
4529640,1145.0,1519
4529744,2315.0,2564
4530384,1575.0,1517
4534888,490.0,898
4536528,570.0,861
4536680,680.0,787
4537184,1230.0,1672
4539544,1090.0,1336
4541664,1150.0,1673
4541808,1120.0,1593
4542792,600.0,783
4542832,600.0,706
4543384,1575.0,1705
4543680,600.0,875
4544368,260.0,603
4546744,570.0,617
4547400,1430.0,1564
4548568,600.0,863
4549168,545.0,723
4549688,555.0,862
4551568,545.0,900
4554632,745.0,986
4554968,525.0,800
4555704,1170.0,1609
4556552,1630.0,1609
4559536,1200.0,1517
4559976,570.0,626
4562656,1200.0,1686
4563496,1230.0,1726
4563568,1230.0,1500
4564688,910.0,1257
4565080,540.0,693
4568384,1075.0,1479
4569648,1230.0,1743
4569856,550.0,786
4570536,575.0,880
4571320,600.0,780
4571608,600.0,865
4573648,1145.0,1709
4575216,575.0,670
4575296,575.0,864
4576648,1230.0,1749
4579304,515.0,962
4580704,1175.0,1382
4581568,545.0,784
4583424,570.0,847
4585344,515.0,755
4585720,1315.0,1898
4588256,545.0,836
4588344,1170.0,1641
4592856,2000.0,2692
4592896,2315.0,2406
4593216,545.0,984
4593968,1175.0,1658
4597304,1405.0,1735
4599728,770.0,854
4599864,1375.0,1451
4600952,540.0,873
4601528,1125.0,1648
4602800,1735.0,2135
4604120,545.0,852
4605704,1370.0,1561
4605848,570.0,748
4605904,1580.0,1631
4606712,540.0,720
4611128,570.0,678
4611984,575.0,760
4615776,1205.0,1781
4615816,1355.0,2011
4616048,1130.0,1656
4616112,1205.0,1499
4617832,1115.0,1498
4618984,1230.0,1534
4619176,570.0,899
4622928,750.0,889
4623384,515.0,909
4624648,1175.0,1690
4624824,805.0,874
4625912,575.0,842
4626752,945.0,1372
4628960,1180.0,1614
4631336,1400.0,1544
4634792,570.0,1005
4635712,955.0,1361
4636264,1200.0,1667
4636336,1120.0,1461
4637976,605.0,1127
4638352,525.0,877
4640304,1200.0,1799
4645824,2310.0,2805
4647424,1205.0,1579
4648048,1320.0,1542
4648888,1370.0,1569
4650288,1130.0,1539
4650448,1145.0,1773
4653960,570.0,634
4654632,1145.0,1791
4655440,1825.0,2136
4655888,465.0,680
4656976,600.0,836
4657360,1200.0,1442
4659768,1200.0,1543
4660032,600.0,759
4660536,1230.0,1561
4660552,545.0,740
4662352,545.0,672
4663744,575.0,798
4668552,1235.0,1639
4668704,1435.0,1602
4673008,1235.0,1557
4673368,1175.0,1700
4673728,1230.0,1712
4673776,1230.0,1655
4674256,1145.0,1314
4678056,1655.0,1963
4678400,745.0,674
4679016,555.0,706
4680648,1130.0,1493
4681016,575.0,911
4681384,1130.0,1604
4685848,545.0,854
4687000,570.0,794
4687200,1060.0,1678
4690336,1175.0,1492
4690544,1545.0,2036
4690584,1160.0,1566
4692816,1035.0,1475
4693672,1175.0,1536
4694624,600.0,928
4696728,570.0,799
4697320,1185.0,1434
4700936,600.0,789
4701776,1175.0,1404
4703272,1210.0,1586
4703288,1655.0,2036
4704384,600.0,883
4706864,605.0,741
4707336,1770.0,1815
4707856,1430.0,1773
4708440,1175.0,1464
4709224,490.0,742
4710856,600.0,809
4714976,1175.0,1650
4715480,1205.0,1526
4718680,1170.0,1477
4720032,1145.0,1522
4720256,545.0,660
4720824,1315.0,1450
4722448,1200.0,1751
4722520,1145.0,1458
4723152,1515.0,1977
4727216,575.0,587
4727808,1205.0,1541
4729440,600.0,786
4730392,1175.0,1464
4732440,1120.0,1551
4734040,1230.0,1652
4736992,1600.0,1818
4738448,1000.0,1330
4740904,1350.0,1711
4741336,1200.0,1487
4741376,2415.0,2640
4744248,1085.0,1732
4744448,575.0,750
4746328,1400.0,1736
4747296,1175.0,1657
4749888,545.0,705
4750832,1175.0,1730
4751920,545.0,699
4753728,1125.0,1603
4753760,1405.0,1548
4754728,1175.0,1674
4757488,980.0,1274
4758008,1175.0,1695
4759376,745.0,702
4762320,1120.0,1554
4762824,580.0,667
4763480,1175.0,1581
4763744,1120.0,1478
4764536,800.0,816
4766760,1230.0,1629
4768528,1175.0,1725
4773872,1125.0,1299
4774792,1150.0,1559
4775576,1200.0,2025
4776328,1230.0,1573
4776480,1605.0,1707
4776584,1345.0,1506
4779656,1405.0,1612
4780232,1385.0,1463
4782416,600.0,742
4783664,890.0,1109
4786176,600.0,743
4786496,1200.0,1578
4789008,1230.0,1585
4789696,1230.0,1765
4790880,1090.0,1403
4792144,575.0,746
4792768,1430.0,2023
4794440,800.0,993
4794912,1100.0,1562
4795272,575.0,697
4796768,605.0,736
4796816,1170.0,1644
4798496,570.0,794
4800512,1145.0,1438
4800688,570.0,990
4801128,605.0,777
4801808,600.0,817
4804840,515.0,793
4805792,570.0,638
4808032,1170.0,1699
4808360,1075.0,1449
4809288,1145.0,1559
4811096,540.0,663
4811112,1015.0,1325
4812760,1175.0,1454
4818288,1145.0,1681
4818712,1375.0,1335
4819112,2040.0,2163
4820512,640.0,969
4822136,1430.0,1606
4822384,1200.0,1753
4823528,1345.0,1552
4824488,1170.0,1674
4825856,605.0,843
4832792,1170.0,1760
4833944,1230.0,1679
4835824,1575.0,2192
4836984,1380.0,1391
4837520,1575.0,1892
4838720,1200.0,1899
4838760,600.0,746
4842136,1830.0,2206
4844440,2245.0,2788
4846768,1200.0,1603
4848208,545.0,759
4849016,1345.0,1649
4849696,1120.0,1589
4850400,1205.0,1455
4851616,1600.0,1762
4853296,1435.0,1822
4857112,570.0,687
4859552,545.0,782
4859952,1175.0,1648
4860368,1550.0,1991
4860688,1125.0,1560
4862192,575.0,635
4862776,1235.0,1547
4863408,1430.0,1799
4866712,600.0,845
4866976,600.0,786
4867384,1540.0,2211
4867592,570.0,675
4869088,555.0,789
4870992,740.0,948
4871464,1270.0,1489
4872368,1345.0,1500
4873104,540.0,715
4873376,600.0,800
4878056,1150.0,1418
4878520,545.0,677
4879120,555.0,718
4880688,1185.0,1450
4881704,1150.0,1764
4883696,1200.0,1588
4884488,1265.0,1628
4884720,745.0,775
4885688,575.0,821
4887864,770.0,770
4887992,1435.0,1953
4889728,545.0,754
4892928,635.0,1055
4892960,610.0,909
4894040,540.0,756
4894464,1340.0,1722
4896136,1935.0,2260
4897184,605.0,932
4899376,570.0,802
4899536,610.0,687
4900872,1430.0,1626
4904504,770.0,1046
4905384,545.0,751
4906928,575.0,757
4907024,2180.0,2788
4907344,1230.0,1802
4907800,1120.0,1667
4910704,1170.0,1396
4910752,1175.0,1696
4912664,600.0,910
4915560,1370.0,1382
4916784,775.0,754
4918976,1085.0,1506
4919032,1175.0,1404
4919624,555.0,870
4920424,1175.0,1635
4922416,600.0,857
4924400,600.0,952
4924432,1900.0,2176
4925472,1230.0,1846
4927064,835.0,1011
4927248,575.0,853
4930144,605.0,714
4931712,1175.0,1511
4933592,570.0,816
4933944,1405.0,1864
4936048,1180.0,1704
4937920,1380.0,1690
4939368,1195.0,1153
4939952,1405.0,1588
4939992,1150.0,1815
4940320,585.0,841
4945368,1375.0,1707
4947184,690.0,899
4947808,1400.0,1470
4952264,575.0,862
4952448,1245.0,1516
4952520,1830.0,2322
4953024,1375.0,1707
4953088,1200.0,1642
4953992,1445.0,2009
4959352,1235.0,1521
4964344,1170.0,1487
4964856,1170.0,1574
4965312,545.0,745
4965848,1375.0,1482
4966824,1175.0,1725
4967176,1375.0,1761
4968648,2195.0,2605
4970424,1625.0,2238
4970816,545.0,809
4971088,575.0,779
4971888,605.0,822
4974136,600.0,914
4978592,540.0,838
4980880,1435.0,1879
4982400,1105.0,1414
4982432,1200.0,1452
4982800,1120.0,1769
4984328,605.0,717
4987136,1600.0,1625
4988328,1980.0,2644
4993744,1205.0,1414
4993856,600.0,840
4994904,1170.0,1563
4995088,2610.0,3083
4995816,1235.0,1627
4997832,1175.0,1688
4998248,1860.0,2171
4999904,1200.0,1447
5003664,700.0,1226
5004344,850.0,1180
5005080,600.0,854
5006840,1430.0,1637
5006872,1265.0,1382
5007576,1345.0,1561
5010016,1370.0,1523
5010736,745.0,884
5011976,600.0,862
5012552,1175.0,1581
5014328,605.0,936
5015496,335.0,595
5015840,780.0,728
5016952,1175.0,1576
5019496,710.0,868
5020752,1200.0,1735
5023656,605.0,977
5025872,1780.0,2287
5026584,575.0,886
5027048,1235.0,1884
5027232,545.0,810
5027944,1140.0,1702
5033064,1540.0,2014
5033616,575.0,879
5035776,2140.0,2535
5036824,1350.0,1646
5038208,985.0,1283
5038448,1170.0,1572
5039008,800.0,674
5039656,1405.0,1576
5041008,1315.0,1722
5045824,1545.0,1595
5047720,770.0,839
5048440,1095.0,1583
5048944,1175.0,1515
5050248,1125.0,1505
5050248,1375.0,1405
5050544,405.0,590
5051720,1400.0,1508
5051864,1145.0,1677
5056392,545.0,931
5058056,600.0,939
5058144,545.0,987
5058448,605.0,841
5058688,1000.0,1371
5062192,1170.0,1493
5063888,495.0,729
5064296,1175.0,1554
5065000,545.0,819
5065584,605.0,862
5065672,600.0,941
5069024,1850.0,2573
5069072,1310.0,1585
5070232,570.0,654
5075888,1235.0,1712
5076080,1230.0,1524
5076728,900.0,1382
5077616,1375.0,1665
5079416,1145.0,1729
5080992,280.0,638
5082096,1120.0,1628
5082384,1180.0,1670
5083304,530.0,903
5084120,1200.0,1736
5084504,720.0,636
5088840,1175.0,1403
5090368,550.0,733
5090408,1340.0,1710
5092328,1030.0,1417
5093016,755.0,1112
5096032,1345.0,1706
5097872,1555.0,1972
5098288,545.0,990
5100408,525.0,924
5101424,1730.0,2265
5102464,1400.0,1703
5104064,575.0,774
5104360,1375.0,1744
5105296,1575.0,1621
5105312,660.0,1160
5107288,555.0,733
5107488,630.0,885
5109072,520.0,826
5109368,570.0,626
5112120,1105.0,1729
5112160,545.0,1012
5113376,610.0,761
5114720,465.0,706
5115192,765.0,728
5118224,1430.0,1616
5118448,1170.0,1642
5118768,525.0,831
5119384,1370.0,1487
5119880,545.0,813
5120944,745.0,719
5124248,570.0,753
5126312,575.0,866
5126440,600.0,687
5126512,570.0,829
5127728,1635.0,1946
5130536,295.0,528
5131488,1380.0,1590
5131880,1975.0,2145
5133416,1230.0,1871
5133512,1245.0,1158
5135032,545.0,913
5138392,1175.0,1494
5139984,545.0,809
5140200,1230.0,1711
5143520,1405.0,1504
5144144,1705.0,1533
5144152,1400.0,1702
5144840,600.0,806
5147328,1235.0,1537
5147792,815.0,976
5148304,1175.0,1861
5150112,570.0,745
5151656,1040.0,1432
5155344,1200.0,1478
5156632,1200.0,1561
5156896,1095.0,1507
5159688,770.0,1004
5160088,1405.0,1537
5160944,1430.0,1702
5163144,1405.0,1629
5165520,1830.0,2152
5167256,1180.0,1489
5167912,1200.0,1377
5170984,1180.0,1362
5172328,1200.0,1423
5173576,1200.0,1736
5174584,1660.0,2244
5176456,1230.0,1664
5176720,570.0,717
5179656,1200.0,1767
5179944,1145.0,1504
5180960,1000.0,923
5181360,1590.0,1763
5183168,570.0,806
5185888,1305.0,1695
5186392,600.0,629
5187016,885.0,1320
5188872,1230.0,1786
5190184,575.0,877
5191248,1175.0,1449
5191920,1205.0,1497
5192976,600.0,886
5193272,570.0,860
5195408,575.0,817
5196080,1175.0,1890
5196376,400.0,557
5196632,740.0,806
5198056,600.0,635
5199904,1235.0,1611
5203400,825.0,1266
5204048,780.0,996
5204664,575.0,826
5206976,1480.0,1293
5207192,605.0,911
5208216,1400.0,1601
5208408,1235.0,1504
5209520,1560.0,2284
5211416,545.0,844
5212664,570.0,711
5214136,610.0,716
5215792,1230.0,1549
5216896,1150.0,1606
5218992,800.0,791
5219616,1155.0,1262
5221648,1200.0,1807
5222840,1355.0,1828
5223832,735.0,1005
5224632,1350.0,1652
5229256,1230.0,1545
5231192,465.0,820
5231368,1980.0,2154
5232016,1435.0,1628
5232304,1205.0,1586
5234584,1205.0,1617
5235216,1205.0,1547
5235952,1140.0,1515
5236024,740.0,846
5243520,1090.0,1438
5244776,1175.0,1698
5245664,1230.0,1670
5247936,1200.0,1669
5248216,1205.0,1533
5248528,1740.0,2145
5248528,1125.0,1563
5250560,1475.0,1918
5251416,550.0,830
5255464,515.0,906
5257600,1170.0,1760
5258712,1430.0,1631
5262104,1405.0,1697
5263000,1610.0,1809
5263328,1565.0,1924
5264328,1200.0,1721
5264984,1380.0,1696
5266712,1340.0,1406
5269864,1600.0,1533
5270440,740.0,1042
5270832,600.0,731
5271048,515.0,840
5272040,760.0,1089
5272536,1205.0,1728
5273952,1210.0,1369
5274008,545.0,912
5275912,580.0,635
5282016,690.0,1185
5283008,1240.0,1371
5283496,1175.0,1632
5284016,1200.0,1621
5284544,1230.0,1835
5286416,1175.0,1551
5288232,1605.0,1785
5289096,1200.0,1648
5289560,570.0,693
5291520,770.0,1003
5294072,1040.0,1507
5296328,845.0,1239
5297240,460.0,715
5297912,1205.0,1671
5300112,1230.0,1485
5300640,1905.0,2204
5302408,1235.0,1606
5304104,745.0,858
5305160,1465.0,2008
5307240,1145.0,1646
5307424,500.0,848
5309000,1290.0,1584
5310936,1205.0,1628
5311920,1130.0,1476
5313088,545.0,708
5313912,605.0,834
5314168,1235.0,1470
5317040,1405.0,1617
5319784,545.0,702
5319888,1425.0,1841
5320608,730.0,837
5324112,1430.0,1524
5324784,1695.0,1973
5324912,1145.0,1478
5326832,540.0,778
5328976,1175.0,1492
5329032,725.0,1143
5329808,1720.0,2359
5330384,445.0,684
5331536,1320.0,1469
5335176,575.0,775
5336344,610.0,914
5336552,545.0,771
5336856,1375.0,1593
5337936,580.0,800
5338328,1015.0,1437
5338432,1375.0,1706
5341752,800.0,676
5342688,1205.0,1610
5344576,550.0,781
5345408,560.0,934
5347528,865.0,1137
5347952,605.0,775
5348456,1200.0,1488
5348504,1095.0,1456
5349608,1425.0,1804
5351112,545.0,713
5356440,1170.0,1483
5358040,800.0,866
5358904,905.0,1162
5359904,1200.0,1431
5360856,1585.0,1666
5361224,1430.0,1590
5363232,1560.0,1910
5364784,580.0,843
5367272,2390.0,3073
5367472,550.0,781
5368608,1150.0,1521
5371968,1145.0,1633
5373680,1235.0,1603
5374376,1290.0,1809
5375608,525.0,875
5376536,1540.0,1663
5377200,1145.0,1552
5379184,1205.0,1464
5379192,770.0,903
5379936,1375.0,1583
5381672,545.0,758
5383216,570.0,835
5385136,770.0,992
5385496,1315.0,1477
5385560,575.0,797
5386112,545.0,865
5386328,1400.0,1494
5387024,495.0,886
5389520,600.0,788
5392152,570.0,832
5392928,575.0,738
5394744,1405.0,1634
5398312,1150.0,1594
5398640,1400.0,1566
5398856,1200.0,1566
5399424,545.0,909
5401856,910.0,1116
5402712,2005.0,2197
5403512,740.0,1096
5403792,1145.0,1784
5405320,660.0,835
5409392,570.0,735
5411384,1170.0,1634
5413376,1200.0,1744
5414808,1175.0,1512
5417672,1145.0,1735
5418264,1635.0,2051
5419080,745.0,962
5419784,1205.0,1808
5422224,2380.0,2921
5423832,1230.0,1805
5424432,805.0,845
5425568,570.0,913
5426016,1235.0,1580
5427176,1285.0,1546
5431752,645.0,990
5432352,515.0,792
5432576,1405.0,1599
5436160,1805.0,2135
5437136,1230.0,1588
5437680,1180.0,1514
5437856,1720.0,1954
5439296,570.0,943
5442416,1605.0,1905
5442456,545.0,665
5443832,600.0,747
5445072,575.0,924
5446336,1235.0,1748
5447120,1205.0,1818
5448712,745.0,787
5448752,495.0,787
5449728,1230.0,1696
5453160,1150.0,1733
5453944,695.0,951
5455728,575.0,750
5456264,1160.0,1554
5457048,1230.0,1497
5459624,1405.0,1364
5460616,1235.0,1687
5461152,780.0,999
5462232,1200.0,1685
5462536,600.0,686
5463584,570.0,915
5464832,1155.0,1361
5465872,600.0,781
5467544,570.0,799
5468264,1370.0,1567
5469072,570.0,855
5469896,610.0,789
5472992,1205.0,1547
5473096,545.0,694
5474912,545.0,831
5475072,605.0,750
5475552,930.0,1210
5475736,1205.0,1650
5478064,1200.0,1654
5479632,495.0,817
5482760,570.0,961
5482816,1430.0,1615
5484024,770.0,745
5484480,1350.0,1436
5485400,1220.0,1311
5486848,545.0,902
5488208,1090.0,1559
5489168,685.0,801
5492328,1580.0,2097
5493360,495.0,995
5497008,1320.0,1566
5498120,1375.0,1762
5498248,1175.0,1425
5499112,1245.0,1363
5501872,1240.0,1588
5502000,570.0,624
5503776,1405.0,1431
5504848,2450.0,2754
5506064,545.0,869
5508448,1375.0,1886
5511016,610.0,771
5511192,1145.0,1618
5512944,800.0,860
5514088,1630.0,1527
5514824,1630.0,1603
5515128,2155.0,2126
5516584,1230.0,1601
5517232,510.0,777
5518640,540.0,712
5521560,1375.0,1639
5521872,545.0,881
5523688,600.0,807
5524464,600.0,728
5526992,1175.0,1613
5527824,1405.0,1587
5529960,1400.0,1672
5530624,1860.0,2429
5530896,515.0,804
5530896,555.0,901
5532976,545.0,748
5533440,1235.0,1446
5536832,1890.0,1909
5537240,545.0,793
5539808,545.0,854
5542576,1200.0,1577
5542688,1405.0,1474
5543080,1185.0,1557
5544240,970.0,1350
5546032,990.0,1099
5546184,2035.0,2295
5548624,1230.0,1474
5551304,1060.0,1437
5553848,1175.0,1409
5555560,1180.0,1609
5556720,905.0,1336
5556720,615.0,677
5559600,1750.0,2065
5559904,1205.0,1410
5562752,2325.0,2314
5564104,1785.0,2240
5565984,745.0,798
5568080,1605.0,1779
5568904,1430.0,1668
5569368,1435.0,1581
5569984,1150.0,1658
5572136,515.0,769
5573040,1155.0,1642
5577312,1145.0,1820
5577704,1430.0,1700
5579920,575.0,860
5581928,1175.0,1628
5581944,1150.0,1733
5582976,1100.0,1624
5583248,570.0,742
5583320,1205.0,1744
5585664,540.0,718
5588544,515.0,827
5589152,805.0,729
5590688,1170.0,1623
5592704,1970.0,2571
5594432,1145.0,1561
5595072,600.0,740
5596672,1235.0,1678
5596880,550.0,774
5597704,1315.0,1505
5600872,1800.0,2237
5601520,1925.0,1622
5602592,500.0,740
5605184,1230.0,1560
5605728,1100.0,1332
5607368,1160.0,1617
5610776,1205.0,1737
5610968,1205.0,1658
5612096,515.0,796
5613744,1120.0,1609
5615712,1200.0,1640
5617320,550.0,653
5617456,1145.0,1534
5618048,570.0,909
5618584,1430.0,1402
5621168,1985.0,2456
5623096,570.0,923
5623960,605.0,813
5624688,1205.0,1715
5629704,1545.0,1995
5629928,1350.0,1485
5630520,1230.0,1650
5631776,755.0,886
5632016,1200.0,1679
5633344,745.0,1173
5634632,1145.0,1683
5635816,720.0,736
5636216,575.0,814
5637464,775.0,711
5639720,600.0,797
5642200,605.0,748
5643608,2230.0,2564
5644536,1060.0,1752
5646112,1430.0,1435
5649184,1695.0,2146
5649728,570.0,765
5649968,545.0,971
5650784,1200.0,1665
5651312,570.0,847
5651648,600.0,692
5652184,1175.0,1558
5655368,2100.0,2444
5655752,515.0,821
5658056,485.0,801
5663576,1230.0,1599
5663584,1175.0,1702
5663712,600.0,707
5663752,745.0,1000
5664048,1175.0,1790
5667072,1630.0,1861
5667568,1555.0,2032
5668840,1375.0,1684
5670032,580.0,790
5674440,550.0,859
5675840,1320.0,1511
5677320,1430.0,1718
5677600,1235.0,1694
5680320,1375.0,1656
5681128,1175.0,1536
5682720,1175.0,1586
5684288,2165.0,2588
5686376,1175.0,1492
5688120,915.0,975
5688256,1100.0,1552
5689360,1230.0,1505
5690464,570.0,772
5690712,1635.0,1639
5693528,1170.0,1550
5700104,1170.0,1498
5700608,1205.0,1779
5700760,1100.0,1563
5702232,1805.0,2439
5702576,1115.0,1652
5703976,1205.0,1689
5704216,1375.0,1688
5709264,1230.0,1967
5709400,575.0,853
5713480,1230.0,1672
5713912,1605.0,1644
5715152,1210.0,1615
5716104,410.0,838
5717144,1475.0,2067
5717920,1370.0,1743
5719928,605.0,806
5720656,1635.0,2055
5722184,555.0,760
5726208,605.0,785
5726600,1760.0,2167
5727008,1205.0,1637
5728504,1370.0,1420
5731864,1360.0,1401
5732096,1280.0,1772
5733688,1760.0,2317
5736552,575.0,1006
5736608,1340.0,1803
5738720,1205.0,1515
5738744,1205.0,1467
5743576,580.0,871
5743776,1350.0,1489
5745112,495.0,799
5745568,1860.0,2420
5745584,570.0,855
5747456,910.0,1363
5747472,1330.0,1723
5749456,570.0,735
5750712,2045.0,2327
5751256,570.0,711
5751488,710.0,964
5755280,1205.0,1212
5755648,540.0,774
5756160,545.0,681
5757352,1250.0,1530
5760296,1095.0,1603
5761456,540.0,772
5764968,1580.0,2189
5765232,1095.0,1747
5767776,1435.0,1516
5768456,1125.0,1537
5771728,1320.0,1797
5772328,1090.0,1504
5772504,2310.0,2627
5772880,555.0,956
5773616,605.0,730
5776608,1400.0,1894
5778664,515.0,792
5781232,1375.0,1597
5784056,800.0,931
5784832,1435.0,1638
5785336,1205.0,1465
5785744,1150.0,1655
5786080,1230.0,1650
5789000,3030.0,3004
5790944,570.0,861
5791608,1205.0,1618
5793024,575.0,910
5794608,1230.0,1672
5795256,880.0,1240
5797144,1345.0,1539
5798344,1145.0,1533
5799560,800.0,994
5801456,580.0,775
5802984,1230.0,1748
5804608,1380.0,1708
5806120,660.0,820
5806608,1150.0,1698
5806760,1435.0,1519
5808792,600.0,917
5810352,1115.0,1501
5811096,1230.0,1744
5815784,1115.0,1600
5818456,1115.0,1731
5819648,1320.0,1630
5820048,800.0,1119
5820248,1350.0,1766
5820680,570.0,612
5820744,1430.0,1748
5820776,1180.0,1498
5822064,1720.0,1464
5830440,955.0,1212
5830608,515.0,1068
5832528,1230.0,1560
5832632,1355.0,1548
5832664,1205.0,1498
5833096,1430.0,1681
5833992,1430.0,1652
5835816,430.0,651
5836936,525.0,812
5839152,525.0,757
5840208,575.0,943
5840872,770.0,1030
5842280,3090.0,2978
5845576,1345.0,1631
5845600,1375.0,1451
5848256,545.0,1006
5848760,1430.0,1618
5849664,1170.0,1591
5851632,1230.0,1560
5853728,465.0,684
5853808,1030.0,1441
5856400,745.0,842
5858312,1855.0,2180
5862272,1200.0,1689
5862992,1805.0,2174
5864080,1150.0,1294
5864112,570.0,964
5864176,2030.0,2325
5865928,1230.0,1515
5865960,1575.0,1791
5867584,545.0,664
5870584,555.0,582
5870720,1125.0,1551
5871168,570.0,651
5874784,1135.0,1474
5876080,1115.0,1500
5876304,1205.0,1516
5877392,1430.0,1660
5877488,545.0,863
5882880,545.0,822
5883120,1785.0,1942
5883144,1145.0,1497
5884024,1575.0,1663
5886256,1120.0,1272
5887144,1205.0,1545
5889680,1205.0,1536
5889688,1155.0,1525
5890520,600.0,955
5890536,540.0,924
5890800,715.0,847
5893816,720.0,834
5894424,550.0,592
5895496,1230.0,1547
5897728,1095.0,1434
5899400,600.0,698
5900536,750.0,764
5900632,890.0,1264
5902896,1230.0,1652
5903248,1085.0,1589
5904048,1175.0,1656
5906184,600.0,848
5906264,525.0,716
5906344,955.0,1356
5906352,520.0,715
5909448,545.0,775
5910480,1145.0,1594
5911664,745.0,665
5912080,600.0,1004
5914096,545.0,968
5916120,885.0,1232
5916832,1015.0,1331
5917296,1360.0,1800
5917760,260.0,458
5918256,840.0,1101
5922136,1230.0,1457
5923864,545.0,879
5924040,525.0,785
5924824,1200.0,1593
5925360,1435.0,1712
5928888,1170.0,1596
5929504,800.0,921
5931328,745.0,813
5931800,1350.0,1693
5933600,1470.0,2038
5933976,1100.0,1264
5936784,1575.0,1593
5940600,1145.0,1387
5940944,725.0,871
5942216,460.0,679
5943072,1605.0,1773
5943616,1775.0,2282
5944248,1205.0,1615
5945480,1145.0,1485
5946064,1205.0,1783
5948296,640.0,962
5948432,545.0,777
5948912,745.0,662
5954864,1355.0,1474
5954968,1115.0,1753
5955328,545.0,802
5955936,1070.0,1307
5956176,1175.0,1491
5957896,855.0,1183
5961688,1545.0,1674
5961936,1775.0,1984
5962288,570.0,764
5962488,570.0,819
5964312,545.0,802
5967800,1430.0,1604
5968752,970.0,852
5969072,1530.0,1718
5969288,1525.0,1803
5973232,1350.0,1443
5974472,1430.0,1523
5975544,515.0,849
5977264,1400.0,1619
5981936,2155.0,2431
5982344,1175.0,1632
5983120,895.0,1236
5983200,515.0,957
5983624,1610.0,1819
5983688,600.0,803
5984336,1655.0,2067
5987504,1175.0,1629
5987880,570.0,743
5988744,740.0,800
5989064,570.0,743
5994776,570.0,862
5995000,1075.0,1475
5995176,745.0,764
5995256,700.0,969
5995464,515.0,840
5997648,1170.0,1753
5998240,1430.0,1819
6001576,600.0,822
6004688,2005.0,2544
6005920,600.0,960
6006384,850.0,1365
6006544,1170.0,1421
6008360,750.0,848
6009152,1420.0,1797
6010152,1600.0,1563
6011720,545.0,667
6011752,570.0,729
6013048,600.0,813
6014640,1950.0,2423
6015952,775.0,725
6019592,500.0,818
6019872,1175.0,1439
6020240,470.0,700
6022200,1350.0,1631
6023368,1780.0,2335
6025608,1400.0,1732
6026384,770.0,814
6026496,425.0,863
6028240,920.0,755
6028888,990.0,1617
6030536,1720.0,2352
6031016,490.0,676
6032032,1175.0,1474
6032304,895.0,740
6032328,590.0,729
6034760,740.0,815
6034768,540.0,735
6035200,1435.0,1479
6041768,1130.0,1404
6042392,545.0,953
6043968,1140.0,1455
6044048,1375.0,1468
6044088,1230.0,1507
6045688,1175.0,1834
6047472,1150.0,1534
6047720,600.0,666
6048504,1230.0,1718
6054848,1230.0,1360
6056120,1690.0,1794
6056864,1115.0,1602
6056880,930.0,1399
6058528,1175.0,1805
6059400,1430.0,1460
6062072,1560.0,1825
6062192,1230.0,1711
6064248,800.0,923
6065904,1230.0,1382
6067992,1125.0,1389
6068328,820.0,1225
6069488,570.0,912
6070728,1120.0,1416
6070800,1510.0,1835
6072360,755.0,1014
6073120,945.0,902
6073520,1375.0,1431
6075064,725.0,842
6075632,745.0,768
6078080,605.0,570
6079392,545.0,879
6079696,1170.0,1463
6082440,1150.0,1464
6083840,1145.0,1630
6084824,1350.0,1463
6085640,550.0,743
6086328,1385.0,1408
6088856,1230.0,1653
6089632,575.0,724
6091712,1500.0,1704
6092400,1630.0,1626
6093176,880.0,1044
6095528,695.0,834
6097224,570.0,689
6098304,1725.0,1983
6099088,525.0,739
6100224,1460.0,1737
6102704,1235.0,1634
6103552,2065.0,2239
6104184,515.0,735
6104280,1230.0,1485
6105368,545.0,1018
6108976,1115.0,1681
6109744,745.0,695
6110040,600.0,811
6112168,1375.0,1635
6112208,610.0,855
6112648,1100.0,1553
6116456,600.0,839
6116696,1405.0,1749
6116896,1605.0,1577
6117768,605.0,700
6118600,520.0,799
6120688,1175.0,1464
6122528,545.0,759
6123464,1245.0,1352
6123992,1400.0,1744
6124216,740.0,806
6124680,600.0,760
6128144,515.0,702
6128856,1175.0,1520
6129320,1230.0,1553
6135608,1175.0,1518
6136680,1205.0,1558
6137512,1095.0,1690
6137576,1430.0,1612
6139432,1200.0,1411
6141152,1370.0,1537
6141816,1175.0,1562
6143368,605.0,724
6144872,770.0,920
6144952,600.0,690
6146952,600.0,725
6147376,2865.0,3336
6148080,1205.0,1559
6148512,600.0,837
6151504,575.0,829
6153816,545.0,805
6155992,1175.0,1578
6156912,1235.0,1495
6160472,2465.0,2974
6160680,1185.0,1716
6161920,540.0,741
6162000,1200.0,1686
6163696,1065.0,1524
6164424,745.0,939
6166312,1745.0,2279
6166600,600.0,766
6167624,1435.0,1726
6171728,1100.0,1381
6172416,600.0,727
6174152,1175.0,1519
6176424,1435.0,1813
6176688,1170.0,1624
6177488,600.0,720
6180168,1230.0,1732
6180264,1435.0,1580
6181712,1835.0,2161
6184240,550.0,944
6185352,1370.0,1400
6185752,1175.0,1667
6188416,545.0,838
6188784,730.0,1065
6190184,1235.0,1587
6192592,1670.0,2021
6192912,575.0,945
6195072,1150.0,1354
6195800,1615.0,1954
6198264,545.0,669
6199960,1185.0,1443
6202736,1025.0,1268
6202960,1200.0,1597
6203352,1835.0,1821
6204216,1860.0,2308
6207528,1075.0,1557
6208352,1175.0,1569
6213736,540.0,776
6214408,1465.0,1274
6215096,1405.0,1468
6215280,1205.0,1568
6216488,1205.0,1691
6216768,1725.0,2101
6220680,2490.0,2802
6221128,1175.0,1597
6222728,740.0,954
6223088,545.0,790
6225976,575.0,606
6226808,1140.0,1441
6227424,1375.0,1627
6227856,1160.0,1765
6229568,1170.0,1635
6230240,775.0,894
6232064,600.0,761
6232776,920.0,1512
6233584,600.0,716
6234424,570.0,875
6235616,605.0,756
6238144,1200.0,1927
6239328,1205.0,1565
6240440,850.0,958
6240696,545.0,784
6245488,1350.0,1488
6245672,1230.0,1701
6247360,525.0,833
6247592,1205.0,1497
6249048,1700.0,2351
6253040,1230.0,1575
6253328,1230.0,1750
6255016,580.0,746
6259072,1230.0,1675
6259512,2040.0,2671
6260112,1175.0,1565
6262136,1465.0,2081
6265328,1175.0,1500
6267576,2255.0,2527
6268904,575.0,846
6270328,1155.0,1407
6271256,1870.0,2277
6274200,1890.0,2398
6274864,1400.0,1919
6276192,545.0,733
6277040,575.0,723
6277752,1170.0,1553
6279224,1175.0,1456
6280464,1430.0,1445
6282440,600.0,781
6282992,1945.0,2860
6284776,570.0,878
6287320,750.0,857
6288984,1230.0,1848
6290576,1340.0,1692
6290688,1230.0,1433
6291112,600.0,792
6293728,1230.0,1342
6294024,775.0,838
6294952,1355.0,1564
6296696,600.0,751
6297216,2130.0,2794
6299912,600.0,736
6299960,1205.0,1372
6301816,1175.0,1338
6302952,570.0,717
6304032,1375.0,1682
6306864,1180.0,1642
6307488,585.0,709
6308904,1230.0,1526
6311920,1185.0,1495
6311960,1715.0,2126
6311992,805.0,641
6312752,545.0,658
6314456,1235.0,1438
6315216,1230.0,1913
6315408,600.0,813
6315928,1155.0,1487
6319168,575.0,802
6321032,605.0,822
6324168,1175.0,1526
6325672,1205.0,1719
6326144,1205.0,1366
6326944,1405.0,1442
6328328,1575.0,1550
6328792,1700.0,2100
6333248,770.0,1135
6333560,1200.0,1566
6334312,570.0,921
6338344,1205.0,1584
6338856,600.0,662
6339240,1170.0,1364
6339480,2175.0,2539
6340064,1230.0,1409
6342608,1625.0,2058
6345072,515.0,729
6345544,1380.0,1537
6347544,1370.0,1654
6350376,1375.0,1440
6350704,1100.0,1403
6351056,960.0,1589
6351240,880.0,1079
6351488,1350.0,1428
6353048,770.0,688
6357888,1095.0,1602
6358816,1145.0,1659
6360304,985.0,1241
6362768,1150.0,1508
6363520,1140.0,1535
6363912,1200.0,1607
6364264,610.0,797
6364592,1175.0,1443
6367160,805.0,857
6369208,720.0,805
6371352,1230.0,1567
6373616,2460.0,2766
6377888,1140.0,1796
6377968,1770.0,1672
6379320,1175.0,1520
6382784,1985.0,2359
6382968,1900.0,2338
6383568,545.0,710
6384224,1580.0,1877
6386592,695.0,1078
6387640,1205.0,1753
6388656,1440.0,2163
6393056,1205.0,1717
6393904,605.0,783
6394352,1200.0,1446
6395000,1145.0,1504
6395576,1205.0,1501
6395952,1135.0,1466
6399688,1230.0,1637
6400144,945.0,724
6401504,545.0,694
6405936,1060.0,1504
6405992,1175.0,1617
6406024,1850.0,2171
6407544,1185.0,1568
6407656,1090.0,1510
6409368,555.0,983
6411856,1375.0,1521
6412024,540.0,754
6413016,1200.0,1609
6414152,465.0,598
6414392,770.0,842
6414408,570.0,1048
6416168,1095.0,1279
6417456,805.0,700
6419808,1375.0,1533
6419928,600.0,864
6421192,770.0,848
6425608,570.0,725
6425912,1375.0,1440
6426568,1405.0,1552
6427712,1180.0,1282
6429272,1230.0,1638
6431760,775.0,769
6431840,1905.0,2477
6432728,1320.0,1600
6437696,465.0,621
6437776,1275.0,1483
6438384,1235.0,1477
6438848,515.0,886
6439992,1430.0,1535
6440632,2060.0,2430
6441336,1285.0,1508
6443920,775.0,768
6446400,545.0,721
6448896,1030.0,1256
6449448,1200.0,1469
6450344,1785.0,2313
6450608,1200.0,1528
6452856,1200.0,1608
6453360,1525.0,1503
6456216,1430.0,1537
6456576,880.0,1272
6457640,525.0,879
6462440,1200.0,1693
6462600,1200.0,1644
6465952,995.0,1172
6467480,1870.0,1828
6468256,1545.0,1505
6470368,1210.0,1591
6471352,2280.0,2626
6471432,1840.0,2259
6472864,575.0,673
6474568,1205.0,1496
6474840,1170.0,1550
6478240,1380.0,1536
6479464,570.0,825
6480536,545.0,746
6480896,1200.0,1580
6483560,1200.0,1649
6484496,1205.0,1643
6485360,525.0,890
6485680,500.0,777
6487448,1235.0,1576
6487576,715.0,835
6491080,570.0,823
6491296,1975.0,2483
6491472,805.0,724
6493136,1230.0,1575
6494544,605.0,871
6498888,775.0,927
6502464,1950.0,2363
6502928,2205.0,2196
6503728,1200.0,1554
6506048,1525.0,1614
6507416,2030.0,2496
6509016,940.0,761
6509728,990.0,1355
6510032,1860.0,2369
6513416,750.0,1211
6513928,2115.0,2423
6515960,690.0,1068
6518304,1345.0,1532
6518744,1525.0,2035
6520576,1145.0,1445
6521032,570.0,952
6522416,1145.0,1548
6522688,1095.0,1620
6524280,570.0,692
6527784,1155.0,1478
6528496,1175.0,1821
6530416,1170.0,1514
6532832,1400.0,1532
6533816,1180.0,1425
6534440,600.0,832
6536128,1415.0,1887
6537496,770.0,885
6540464,1235.0,1496
6541192,1655.0,2114
6542816,575.0,1047
6543832,2125.0,2643
6545072,1230.0,1530
6547496,1400.0,1710
6549248,1235.0,1640
6549864,1230.0,1546
6550528,975.0,682
6555056,1120.0,1824
6555976,1175.0,1518
6556032,1175.0,1652
6559504,2035.0,2289
6559688,1175.0,1524
6561920,545.0,736
6563016,1305.0,1721
6565048,1070.0,1815
6565928,540.0,780
6568272,1430.0,1652
6568568,1230.0,1574
6568880,570.0,870
6572984,1935.0,2890
6577488,1860.0,2248
6578704,1370.0,1597
6580336,1345.0,1508
6581440,1810.0,2049
6581992,1430.0,1678
6582592,570.0,638
6584472,1370.0,1949
6584792,2435.0,2722
6587016,575.0,697
6587200,1200.0,1777
6589416,1180.0,1339
6592848,1405.0,1357
6593600,575.0,823
6594896,1300.0,1538
6595496,1400.0,1378
6597632,1835.0,2162
6598008,1375.0,1652
6598912,1120.0,1464
6599416,495.0,821
6602248,1175.0,1604
6605672,950.0,1272
6605736,1230.0,1517
6607280,1175.0,1548
6608800,605.0,819
6608888,1230.0,1407
6611528,1260.0,1514
6611544,945.0,734
6612464,1175.0,1694
6612544,1605.0,1817
6613832,575.0,629
6617592,1575.0,1482
6617712,545.0,771
6622416,1200.0,1691
6623656,1115.0,1516
6623856,1890.0,2072
6625336,1200.0,1599
6625464,1145.0,1454
6630120,1170.0,1566
6631080,1400.0,1671
6631296,1785.0,2354
6634176,720.0,1089
6636016,1380.0,1545
6636384,1200.0,1566
6637240,520.0,770
6638264,1230.0,1616
6639208,1955.0,2099
6639448,880.0,1166
6644192,600.0,869
6645728,1830.0,1804
6646448,1400.0,1534
6647880,1205.0,1437
6648240,680.0,1099
6650952,1170.0,1468
6651448,1325.0,1648
6653144,1730.0,2141
6654472,605.0,824
6655136,805.0,862
6657368,1210.0,1647
6662280,1750.0,1979
6664768,800.0,925
6665008,1575.0,1757
6665936,1370.0,1433
6665960,2175.0,2529
6666032,1205.0,1611
6666800,1600.0,1919
6668544,570.0,783
6668544,1115.0,1676
6675968,1200.0,1370
6677048,1020.0,1386
6677992,1345.0,1507
6678184,1145.0,1519
6678280,1150.0,1435
6678352,1175.0,1698
6680240,1310.0,1462
6681720,1150.0,1647
6682656,575.0,701
6684776,570.0,803
6685960,800.0,996
6688216,775.0,695
6690400,1110.0,1527
6690848,1200.0,1326
6694360,1230.0,1580
6695064,875.0,1286
6696280,575.0,679
6696752,2030.0,2309
6696984,540.0,823
6697496,1145.0,1442
6699024,1185.0,1351
6701808,2430.0,3230
6702416,605.0,767
6706976,1195.0,1489
6708328,1130.0,1418
6708816,1200.0,1508
6708904,1230.0,1818
6709704,1575.0,1526
6710728,1205.0,1463
6714808,1230.0,1549
6715160,935.0,1023
6716352,545.0,831
6717392,545.0,833
6719216,1230.0,1361
6719904,1720.0,2262
6722424,1205.0,1690
6723600,740.0,776
6725104,970.0,1243
6726360,1145.0,1444
6726488,545.0,909
6728128,1175.0,1472
6729440,600.0,877
6731320,2405.0,2813
6732168,1230.0,1533
6732184,800.0,1073
6732344,570.0,732
6737232,1205.0,1516
6737816,1155.0,1432
6738360,605.0,772
6740456,1230.0,1541
6742352,1200.0,1614
6743192,580.0,604
6743504,1230.0,1523
6743512,575.0,712
6744400,1200.0,1529
6745000,1175.0,1582
6748072,545.0,715
6751944,1260.0,1839
6753192,1375.0,1592
6753848,1200.0,1292
6754656,1145.0,1394
6755784,1060.0,1423
6757560,1375.0,1570
6759496,455.0,788
6759808,1375.0,1467
6760856,800.0,634
6762920,2340.0,2466
6763808,1115.0,1483
6765280,1345.0,1328
6765824,1375.0,1497
6766248,525.0,805
6767024,570.0,771
6768336,575.0,677
6772208,540.0,798
6773376,1835.0,1977
6774576,1575.0,1885
6775264,760.0,1127
6775296,1175.0,1436
6777728,1145.0,1556
6779744,1175.0,1590
6782400,715.0,892
6782936,545.0,651
6784128,1375.0,1490
6785160,1265.0,1473
6785896,1745.0,2195
6788416,1430.0,1730
6789416,1230.0,1765
6789736,605.0,701
6791048,1435.0,1413
6794504,800.0,761
6794640,1230.0,1530
6795648,575.0,739
6795984,1120.0,1631
6797592,1370.0,1554
6799984,745.0,668
6800424,570.0,740
6803464,540.0,935
6804872,1980.0,2372
6806168,630.0,718
6807000,1830.0,2198
6807608,1650.0,2070
6809720,1145.0,1516
6811424,1235.0,1430
6812632,570.0,808
6813992,500.0,874
6815488,1175.0,1503
6818152,1400.0,1660
6819432,575.0,850
6819856,1380.0,1531
6819976,570.0,748
6820552,2605.0,3113
6821768,1180.0,1506
6825560,1610.0,1767
6826152,600.0,1000
6829616,1175.0,1766
6831616,1130.0,1455
6832672,1170.0,1655
6832936,1095.0,1548
6833240,1200.0,1434
6839280,630.0,826
6839568,1200.0,1677
6841584,2220.0,2716
6843232,1230.0,1702
6844720,1430.0,1638
6847328,605.0,718
6850408,2655.0,3106
6851032,1805.0,2262
6851168,1830.0,2241
6851240,740.0,815
6851672,1370.0,1549
6853824,1430.0,1782
6857632,550.0,825
6857848,545.0,772
6858888,1570.0,1957
6859128,1370.0,1475
6862696,1200.0,1441
6864480,545.0,669
6864760,515.0,891
6865192,1200.0,1421
6866976,1780.0,1967
6869184,1830.0,2347
6870176,1520.0,1541
6874360,1065.0,1458
6875536,1175.0,1382
6876584,1575.0,2212
6876600,1375.0,1426
6877304,1540.0,1568
6878120,1235.0,1393
6879520,605.0,645
6880464,990.0,1410
6882816,1375.0,1580
6887560,1145.0,1503
6888560,1440.0,1497
6889200,1485.0,1487
6889992,1230.0,1674
6890520,1175.0,1375
6890808,1585.0,1586
6893296,1515.0,1604
6895776,1380.0,1620
6895976,575.0,748
6897104,600.0,988
6899968,910.0,1145
6901248,1140.0,1711
6901296,775.0,665
6902728,1145.0,1526
6906904,550.0,707
6907944,1725.0,2423
6908240,575.0,868
6908544,1575.0,1596
6908760,1175.0,1457
6911128,1205.0,1395
6912648,1985.0,2419
6913352,570.0,806
6913544,1155.0,1352
6919088,1145.0,1393
6919504,570.0,769
6922616,1430.0,1732
6925264,1375.0,1577
6925880,1830.0,2167
6926320,1715.0,2260
6926800,1635.0,1959
6931368,600.0,686
6932360,770.0,887
6932784,770.0,808
6933144,2210.0,2450
6933616,1140.0,1764
6935304,1200.0,1586
6938344,600.0,748
6939584,775.0,746
6942192,2695.0,2888
6943560,575.0,652
6943592,1020.0,1306
6945104,1435.0,1717
6945584,2060.0,2348
6947752,1155.0,1556
6950800,600.0,901
6951016,1170.0,1429
6954096,1630.0,1488
6954464,2440.0,2710
6958048,1230.0,1618
6960008,1400.0,1532
6960600,1835.0,2130
6960840,600.0,843
6963528,1135.0,1591
6963904,1375.0,1611
6964088,1745.0,2313
6967744,540.0,893
6970136,490.0,826
6970408,1070.0,1545
6973080,945.0,1124
6973080,2005.0,2327
6973512,770.0,721
6973616,1150.0,1597
6974064,1545.0,1757
6975776,1150.0,1484
6979448,570.0,796
6982496,1320.0,1545
6983696,1275.0,1661
6984640,1175.0,1378
6986600,1175.0,1567
6986696,1230.0,1702
6988280,1320.0,1563
6989448,1575.0,1992
6989456,600.0,870
6995288,1175.0,1331
6995640,550.0,774
6996608,1330.0,1614
6997184,1375.0,1311
6997688,1860.0,2280
6999888,545.0,575
7000352,1170.0,1719
7000616,1150.0,1395
7003464,575.0,722
7005968,775.0,702
7008232,1175.0,1453
7009816,1430.0,1579
7009896,2270.0,2702
7011160,1130.0,1409
7011984,1805.0,2043
7012784,1180.0,1521
7014856,575.0,630
7014880,765.0,1114
7014992,570.0,637
7016008,1230.0,1568
7022416,1200.0,1773
7023688,1175.0,1463
7025608,1430.0,1603
7026192,1230.0,1414
7026432,1150.0,1909
7027008,1175.0,1519
7028952,1270.0,1745
7029312,1400.0,1663
7031904,545.0,684
7033480,545.0,809
7034880,1180.0,1558
7035848,1150.0,1520
7036848,575.0,987
7038576,1145.0,1548
7038696,1375.0,1636
7040192,515.0,839
7041792,1605.0,1560
7045320,1000.0,843
7046168,1375.0,1411
7048584,1140.0,1467
7049544,1685.0,2205
7049584,1175.0,1361
7050736,1205.0,1318
7052944,1730.0,2137
7058976,1175.0,1707
7060296,1230.0,1344
7060632,1290.0,1506
7061024,1860.0,2404
7061216,1425.0,1881
7061416,1230.0,1479
7064976,1635.0,1504
7067704,2290.0,2121
7072488,1230.0,1433
7072568,1170.0,1394
7074352,1405.0,1642
7074776,1385.0,1768
7076368,2115.0,2174
7080040,715.0,944
7080784,1555.0,1976
7080840,2005.0,2568
7080848,540.0,812
7084528,1430.0,1495
7087008,745.0,778
7088144,1230.0,1671
7088656,2130.0,2619
7089032,1435.0,1583
7090680,570.0,769
7091976,1260.0,1392
7092136,1525.0,1512
7092856,1300.0,1501
7098520,540.0,798
7099240,1025.0,1529
7099624,1175.0,1435
7103984,1400.0,1869
7104912,1805.0,1617
7105600,1230.0,1593
7105928,1830.0,2159
7109352,1010.0,1354
7109440,2035.0,2345
7110936,1230.0,1414
7112200,1430.0,1620
7116472,1500.0,1561
7118808,1410.0,1651
7119232,1175.0,1663
7120824,1250.0,1423
7120832,1200.0,1435
7121912,895.0,1372
7123784,1860.0,2359
7125096,600.0,786
7126560,1340.0,1795
7126808,515.0,747
7127184,1010.0,1339
7127984,570.0,759
7129296,895.0,1258
7130200,770.0,802
7133032,515.0,809
7134672,605.0,836
7135904,1175.0,1351
7136256,570.0,757
7138768,1545.0,1448
7139248,2030.0,2303
7139968,1175.0,1645
7142752,1175.0,1682
7145904,1320.0,1609
7145984,575.0,752
7146496,1120.0,1478
7150800,1175.0,1444
7151768,530.0,733
7152464,1400.0,1712
7152632,770.0,767
7154384,815.0,1050
7154440,1810.0,2317
7154536,1800.0,2285
7155288,1300.0,1567
7158832,515.0,775
7160688,545.0,769
7162288,600.0,875
7163624,575.0,599
7163984,1145.0,1527
7164368,1200.0,1488
7166480,1200.0,1512
7166856,1180.0,1552
7167568,1395.0,2096
7169280,545.0,874
7171296,575.0,959
7172160,1145.0,1434
7173352,575.0,812
7173496,340.0,527
7175280,955.0,1364
7176792,1230.0,1601
7177088,1050.0,1326
7178040,575.0,843
7179800,1205.0,1529
7180320,600.0,853
7181000,570.0,715
7183448,915.0,832
7183920,915.0,1321
7185312,1320.0,1644
7185592,570.0,724
7185696,600.0,672
7190216,555.0,613
7190240,1430.0,1644
7193336,540.0,968
7194128,1230.0,1641
7197176,1375.0,1435
7197312,515.0,884
7197344,1120.0,1678
7198688,2125.0,2581
7198752,1520.0,1913
7206312,1640.0,2012
7207512,570.0,1095
7208320,1430.0,1393
7208400,1145.0,1382
7209832,1835.0,2062
7214600,605.0,785
7214776,780.0,908
7214792,2045.0,2583
7215064,1660.0,2047
7215624,545.0,903
7215896,1805.0,2323
7219280,1140.0,1621
7220568,570.0,618
7221616,800.0,853
7223648,1545.0,1727
7225392,1175.0,1349
7225800,1200.0,1342
7225808,1205.0,1379
7228792,1175.0,1612
7230000,715.0,794
7230168,1175.0,1361
7231792,805.0,748
7232256,605.0,807
7232840,1375.0,1403
7232872,1320.0,1538
7234232,820.0,1105
7235448,605.0,660
7235944,570.0,894
7237552,520.0,662
7238192,570.0,800
7238968,605.0,766
7244960,1800.0,1511
7245872,570.0,960
7246568,915.0,1328
7246800,1155.0,1419
7247816,2065.0,2227
7248112,1140.0,1320
7251224,1175.0,1532
7255576,2240.0,2668
7257152,1150.0,1410
7257224,1200.0,1533
7259016,1230.0,1527
7259040,1200.0,1559
7261704,1180.0,1736
7262504,575.0,866
7262656,580.0,679
7264008,1230.0,1598
7264256,555.0,652
7265896,1830.0,2223
7272272,915.0,797
7272272,1350.0,1657
7273040,1430.0,1417
7274304,985.0,1287
7274456,1230.0,1475
7274496,1540.0,2168
7274720,1430.0,1527
7276160,1170.0,1488
7279208,555.0,771
7282424,600.0,783
7283968,1125.0,1462
7284928,1230.0,1582
7286880,1320.0,1572
7287008,1235.0,1536
7292880,545.0,750
7295040,1915.0,2568
7295352,2040.0,2612
7297008,1265.0,1630
7297600,2035.0,2299
7298208,1230.0,1660
7299056,600.0,772
7300160,1200.0,1644
7301904,2205.0,2435
7304296,775.0,837
7304864,800.0,726
7305864,1010.0,1314
7307008,1170.0,1496
7307368,1265.0,1295
7307768,520.0,733
7310232,1140.0,1503
7310912,600.0,827
7312560,545.0,837
7314192,1230.0,1754
7315040,575.0,909
7316376,515.0,768
7316760,1170.0,1487
7318192,570.0,704
7319032,1230.0,1458
7320664,1200.0,1707
7321672,490.0,829
7322104,545.0,716
7323856,570.0,887
7325064,1045.0,1359
7330048,1375.0,1482
7331264,1745.0,1529
7332048,2000.0,2642
7333544,795.0,1211
7334760,1430.0,1636
7336032,890.0,748
7339504,1375.0,1805
7340120,2095.0,2432
7340296,2005.0,2274
7341464,805.0,679
7344280,1370.0,1627
7344592,1175.0,1568
7345296,1155.0,1469
7346144,770.0,731
7347224,1205.0,1558
7349736,495.0,682
7351136,1230.0,1454
7351512,1150.0,1424
7355232,545.0,687
7355432,1200.0,1746
7356160,1435.0,1358
7356776,1230.0,1523
7361592,1745.0,1931
7363016,525.0,948
7364168,570.0,924
7364704,1595.0,2185
7369080,1155.0,1615
7369632,600.0,827
7369760,1230.0,1816
7370328,1675.0,2399
7371920,770.0,902
7374296,2405.0,2848
7376576,605.0,868
7377432,580.0,959
7380552,1435.0,1434
7380824,1565.0,2082
7385768,1140.0,1731
7385888,2865.0,3037
7386104,1400.0,1476
7386688,605.0,767
7387840,1015.0,1408
7388584,1745.0,2282
7389144,1175.0,1464
7393336,605.0,687
7397160,1550.0,2042
7397856,1180.0,1469
7398472,1120.0,1573
7399536,1175.0,1606
7400040,1205.0,1432
7404056,745.0,775
7405112,1860.0,2418
7410216,1145.0,1468
7410512,1175.0,1669
7410624,515.0,821
7411352,2120.0,2776
7411776,2060.0,2305
7413520,1200.0,1685
7416168,1675.0,2079
7417216,485.0,875
7417424,575.0,759
7418496,605.0,840
7422760,540.0,824
7423056,1575.0,1554
7423648,2340.0,2317
7426504,1550.0,1999
7431280,1460.0,1732
7432776,2100.0,2407
7432856,570.0,794
7434152,1175.0,1387
7434984,1235.0,1417
7439056,2180.0,2730
7440680,2380.0,2773
7441048,1775.0,2286
7444816,1175.0,1692
7445680,1400.0,1441
7446480,1575.0,1703
7446528,1145.0,1719
7447080,1605.0,1512
7447320,545.0,784
7451552,1175.0,1562
7451576,805.0,631
7455424,855.0,1043
7455976,1200.0,1395
7457192,1375.0,1439
7458168,1200.0,1461
7458712,2160.0,2254
7459224,1205.0,1488
7461328,605.0,738
7462960,600.0,721
7463336,1230.0,1473
7464848,1375.0,1659
7470296,935.0,1448
7471304,1400.0,1510
7473496,2230.0,2190
7475000,1175.0,1458
7475248,1230.0,1536
7475328,2030.0,2145
7480512,1830.0,2398
7481840,1170.0,1443
7484200,2265.0,2419
7486456,975.0,743
7487600,1630.0,1544
7488856,1830.0,2194
7490840,1455.0,1939
7491672,1775.0,2272
7494000,600.0,800
7495144,1175.0,1368
7496480,1205.0,1253
7497624,2500.0,2828
7498624,1810.0,2098
7501816,545.0,667
7504216,1230.0,1568
7505616,1805.0,2095
7507880,1865.0,2130
7510320,1090.0,1462
7511088,570.0,684
7511376,1560.0,2172
7513952,1925.0,2351
7514808,1830.0,2148
7517728,715.0,794
7519184,1505.0,1871
7519456,1985.0,2205
7519488,1575.0,1451
7521360,1175.0,1380
7523616,890.0,1101
7524688,600.0,870
7525392,545.0,742
7526408,460.0,903
7528072,1465.0,1765
7528736,1835.0,2206
7531392,1120.0,1488
7533592,1140.0,1529
7534736,935.0,1390
7535528,605.0,849
7536384,1205.0,1374
7536816,1070.0,1516
7538984,1235.0,1572
7540056,545.0,665
7541024,1400.0,1619
7541544,605.0,752
7542464,1340.0,1384
7548016,1315.0,1400
7550552,1410.0,1771
7551224,1300.0,1530
7551240,2010.0,2206
7552096,1200.0,1319
7553936,1235.0,1614
7555208,1350.0,1593
7560680,1145.0,1583
7561432,1200.0,1274
7562168,2020.0,2764
7562328,1175.0,1472
7563416,1375.0,1524
7564160,1090.0,1508
7567136,575.0,807
7569680,755.0,939
7569920,775.0,949
7571272,560.0,982
7574384,2365.0,2556
7575328,1805.0,2515
7575744,1145.0,1448
7579088,2205.0,2207
7580880,1300.0,1400
7582632,1800.0,1937
7582992,1490.0,1465
7585224,545.0,767
7585704,1120.0,1415
7586912,1230.0,1448
7589624,2305.0,2463
7590744,605.0,969
7590896,545.0,709
7591072,710.0,1055
7591336,570.0,704
7592776,1125.0,1487
7593264,545.0,794
7595744,2105.0,2500
7595816,570.0,634
7599136,515.0,734
7602200,1195.0,1391
7603688,1175.0,1544
7604536,1210.0,1705
7604920,570.0,723
7604992,1230.0,1527
7605200,1480.0,1947
7608328,580.0,766
7609280,1230.0,1683
7609824,615.0,767
7612512,600.0,940
7614920,1945.0,2397
7616312,520.0,811
7617176,1375.0,1580
7618712,800.0,775
7619048,1405.0,1766
7624264,2005.0,2383
7628048,1780.0,2465
7628296,2095.0,2377
7628400,1325.0,1511
7628944,1175.0,1471
7631648,1180.0,1575
7632360,1100.0,1706
7633128,1645.0,2276
7634496,605.0,775
7635000,775.0,757
7635048,605.0,875
7636272,1430.0,1501
7640656,1170.0,1532
7644672,1175.0,1272
7645096,1155.0,1592
7647608,1205.0,1810
7648208,1235.0,1645
7649440,1800.0,2224
7651240,495.0,768
7651736,1375.0,1385
7653784,1840.0,2189
7654392,495.0,773
7654600,1000.0,874
7658024,1400.0,1669
7660448,2535.0,3181
7662144,1250.0,1588
7663320,1175.0,1510
7667200,1240.0,1601
7669976,1905.0,2280
7671144,1405.0,1640
7671608,1860.0,2126
7672272,1600.0,1478
7672448,2065.0,2333
7674472,1200.0,1541
7678272,540.0,728
7680720,1375.0,1690
7680768,1985.0,2181
7683920,1050.0,1456
7685744,1230.0,1825
7686880,1805.0,2113
7687928,575.0,895
7688896,1200.0,1328
7691656,2205.0,2506
7693208,1330.0,1561
7693656,550.0,716
7694656,2140.0,2523
7696128,515.0,904
7696248,1375.0,1541
7697824,1775.0,1368
7699256,1150.0,1689
7700536,600.0,735
7701264,570.0,642
7706336,1375.0,1641
7706760,705.0,778
7707312,1230.0,1383
7708184,575.0,865
7708560,1760.0,2113
7710720,1430.0,1612
7710880,1805.0,2153
7710976,1230.0,1465
7717088,1240.0,1291
7718280,1200.0,1493
7719928,1235.0,1468
7720704,1320.0,1674
7720736,1230.0,1522
7722000,1145.0,1410
7724056,1200.0,1635
7724304,1175.0,1678
7725008,805.0,841
7730768,1230.0,1254
7731480,545.0,809
7732688,1575.0,1595
7733880,1235.0,1485
7734776,1170.0,1309
7740192,1700.0,2436
7740552,2670.0,2933
7740664,1175.0,1237
7743056,1200.0,1296
7743320,1170.0,1480
7745064,1200.0,1398
7746168,2625.0,2764
7751544,1230.0,1360
7753288,1230.0,1592
7754624,1110.0,1446
7756368,1630.0,1631
7756920,1175.0,1344
7757416,1120.0,1544
7758176,2495.0,2925
7758616,2205.0,2303
7760888,600.0,783
7763960,805.0,723
7766512,1530.0,1871
7768232,1200.0,1868
7768512,1400.0,1518
7769312,1115.0,1549
7769712,1175.0,1537
7770672,1125.0,1507
7771784,1345.0,1362
7776960,605.0,906
7780424,1635.0,2058
7780648,1340.0,1767
7781392,1175.0,1645
7781496,1175.0,1523
7782664,1375.0,1499
7784632,1805.0,2015
7785448,1150.0,1708
7787944,965.0,1373
7793144,1230.0,1562
7793424,1175.0,1491
7793464,1400.0,1509
7794144,1205.0,1435
7798072,1200.0,1680
7798304,1835.0,2235
7800760,715.0,827
7803272,1820.0,1916
7804608,2040.0,2395
7804936,600.0,829
7805024,1145.0,1445
7806768,605.0,751
7810872,1115.0,1600
7810904,1865.0,2185
7811496,800.0,809
7812664,2010.0,2440
7815048,1430.0,1472
7815344,1400.0,1342
7819128,1155.0,1545
7821456,605.0,764
7822136,1785.0,2150
7824320,1140.0,1603
7824768,1375.0,1733
7825536,545.0,801
7825904,1950.0,1879
7827792,1390.0,1891
7828208,570.0,759
7831576,1845.0,2066
7831680,575.0,864
7832624,600.0,1038
7834656,545.0,806
7835024,1140.0,1696
7837728,1095.0,1478
7838416,570.0,724
7838464,1230.0,1334
7838728,1175.0,1649
7842872,1215.0,1399
7845648,1200.0,1374
7845728,1115.0,1769
7847808,1375.0,1598
7849816,545.0,868
7849912,1380.0,1523
7850408,1150.0,1493
7851176,485.0,681
7851824,1280.0,1676
7856160,1790.0,2179
7856664,540.0,844
7861072,1010.0,1407
7861776,1270.0,1325
7863496,1575.0,1636
7863912,2060.0,2283
7864472,1370.0,1581
7867496,1115.0,1417
7867832,2635.0,2503
7867848,515.0,847
7868848,545.0,884
7869904,1275.0,1655
7871816,540.0,918
7875632,605.0,848
7876120,1145.0,1526
7877912,1575.0,1802
7882072,1200.0,1521
7883832,1580.0,1998
7884208,2065.0,2047
7884424,1205.0,1576
7884520,1805.0,2128
7888168,1230.0,1282
7889824,1205.0,1713
7890024,1510.0,1799
7892856,990.0,1348
7894144,600.0,747
7894624,1230.0,1275
7895752,1295.0,1443
7896840,575.0,877
7898296,1470.0,1722
7899000,1425.0,1896
7901552,1310.0,1441
7902304,605.0,683
7906200,1175.0,1507
7906424,1180.0,1696
7907032,650.0,685
7908336,1175.0,1714
7908968,1435.0,1652
7909736,1145.0,1430
7913856,1420.0,1857
7914320,1230.0,1502
7916104,740.0,796
7918192,1170.0,1395
7919840,1205.0,1438
7921040,1175.0,1509
7924904,1240.0,1381
7924904,2035.0,2338
7927240,1230.0,1392
7927488,2050.0,2633
7930688,1895.0,2046
7932760,1180.0,1465
7933520,800.0,754
7935160,1515.0,1915
7936520,2035.0,2291
7936656,1090.0,1469
7937064,775.0,797
7941864,1650.0,2120
7942200,860.0,1180
7942680,1510.0,1930
7945448,1145.0,1491
7948168,550.0,746
7948704,1230.0,1523
7949040,1175.0,1548
7953432,2060.0,2284
7954176,575.0,684
7954712,1410.0,1606
7955832,2010.0,2346
7961088,1370.0,1615
7961856,1755.0,2397
7963984,1230.0,1319
7964024,2210.0,2322
7964696,1380.0,1315
7966680,1175.0,1356
7967136,1545.0,1553
7970272,2190.0,2654
7971096,605.0,800
7972992,515.0,732
7974616,1150.0,1595
7975672,1375.0,1461
7978112,570.0,877
7979000,1810.0,1872
7980408,1890.0,2415
7982288,915.0,827
7984384,575.0,784
7984640,2060.0,2245
7985760,1180.0,1393
7986584,1800.0,2039
7987952,1675.0,1870
7989760,605.0,934
7990208,555.0,728
7991400,745.0,705
7994832,1720.0,1979
7996600,945.0,1252
7996792,1630.0,1519
8000936,2635.0,2566
8002936,1200.0,1591
8003616,1405.0,1527
8006832,545.0,737
8007800,1950.0,2255
8009768,2405.0,2727
8009832,1205.0,1630
8011856,1920.0,2128
8012616,575.0,723
8013000,1780.0,2050
8013160,1210.0,1278
8014864,1370.0,1406
8016272,775.0,805
8017120,805.0,919
8018936,545.0,790
8018992,1180.0,1399
8021352,945.0,1187
8025288,1400.0,1516
8025592,1170.0,1341
8028040,1115.0,1471
8028632,1405.0,1439
8028896,930.0,1245
8030352,1800.0,2169
8031656,1400.0,1583
8035984,1105.0,1337
8038160,840.0,1158
8038648,1430.0,1632
8040064,1885.0,2339
8040696,1230.0,1582
8041856,1115.0,1438
8042008,485.0,753
8044072,1340.0,1552
8045944,2090.0,2164
8050320,1170.0,1459
8050536,1600.0,1309
8053912,1725.0,1969
8054088,1175.0,1510
8054832,1370.0,1622
8057024,1595.0,1619
8057728,1230.0,1473
8061344,945.0,1351
8061392,2490.0,2587
8062344,600.0,939
8062536,1355.0,1527
8063184,305.0,770
8066536,1630.0,1578
8067608,465.0,777
8068288,395.0,719
8068344,610.0,875
8069440,1200.0,1919
8069728,805.0,923
8070816,605.0,954
8072816,600.0,785
8075912,775.0,809
8076400,570.0,1007
8076592,2030.0,2358
8079512,955.0,1403
8079936,820.0,1140
8080144,1070.0,1567
8082488,685.0,822
8082912,1200.0,1648
8083664,1570.0,1356
8091032,1235.0,1387
8092520,1570.0,2015
8094944,2235.0,2294
8095224,1185.0,1539
8096352,1170.0,1586
8098968,1565.0,2060
8099648,2155.0,2438
8100616,2285.0,2638
8104592,1205.0,1509
8104616,710.0,1033
8105392,925.0,1306
8108992,890.0,1253
8109160,850.0,1189
8110608,1860.0,2447
8111720,1845.0,2062
8113136,605.0,1065
8114760,1230.0,1768
8117808,1125.0,1552
8119096,745.0,922
8119768,600.0,829
8122928,1170.0,1540
8125016,485.0,901
8125544,2185.0,2619
8127400,1725.0,2280
8127416,1205.0,1582
8129776,775.0,856
8130192,2140.0,2650
8131968,1200.0,1609
8133984,800.0,821
8135640,575.0,733
8136576,1860.0,2101
8137368,890.0,1246
8137456,1375.0,1489
8141376,1715.0,2045
8141568,1570.0,1422
8141712,440.0,642
8144528,550.0,884
8145680,190.0,514
8146984,1430.0,1625
8149240,320.0,589
8149888,1205.0,1565
8150264,1860.0,2287
8153064,1170.0,1419
8157120,1010.0,1267
8158560,630.0,1037
8159664,1200.0,1748
8161096,2060.0,2465
8161264,2690.0,3203
8163408,1200.0,1690
8166064,605.0,800
8167368,1005.0,784
8169328,1930.0,2511
8170432,1175.0,1664
8171216,1860.0,2269
8172248,1200.0,1373
8174640,1545.0,2010
8178296,1575.0,1529
8179016,550.0,846
8182232,1115.0,1377
8182440,1345.0,1501
8183056,1145.0,1716
8183160,1860.0,2469
8185080,1805.0,2214
8187272,1635.0,1579
8188456,570.0,752
8192088,1205.0,1634
8193440,570.0,623
8194672,1355.0,1439
8194968,1100.0,1592
8195536,1725.0,2155
8198048,600.0,745
8199144,1755.0,2011
8200712,1425.0,1954
8205536,1975.0,2283
8205560,1135.0,1324
8206504,1485.0,1633
8207816,1440.0,1643
8209408,1205.0,1734
8210272,1245.0,1391
8211864,1170.0,1394
8213760,600.0,743
8215016,1810.0,2121
8216592,800.0,790
8217240,1430.0,1342
8217984,1375.0,1556
8218504,1070.0,1618
8221472,485.0,807
8223760,1210.0,1487
8225152,1170.0,1424
8229112,1420.0,1326
8231088,1230.0,1731
8232656,2690.0,2906
8234160,1675.0,2022
8235416,1235.0,1457
8236088,1120.0,1367
8238752,2005.0,2160
8240984,2640.0,3049
8242240,630.0,853
8243960,780.0,651
8247144,1815.0,2254
8248224,600.0,905
8249464,1480.0,1913
8249840,2030.0,2148
8251488,1770.0,2550
8252088,1015.0,1231
8252184,1585.0,2012
8255976,1175.0,1502
8257928,965.0,1213
8263520,1145.0,1417
8263600,1575.0,1720
8265096,1150.0,1701
8265736,1175.0,1706
8265960,1860.0,2062
8267848,1355.0,1484
8268144,2130.0,2625
8270312,800.0,849
8270736,1175.0,1601
8276248,1415.0,1581
8276472,570.0,717
8278872,1630.0,1722
8279960,1205.0,1477
8280024,1430.0,1522
8280848,985.0,1317
8285504,2085.0,2443
8287304,605.0,807
8289272,2080.0,2942
8291240,1405.0,1402
8293272,1775.0,2128
8294720,580.0,681
8296640,805.0,675
8298952,1610.0,1681
8299528,2095.0,2582
8299648,2860.0,2897
8300952,1730.0,2624
8301712,1555.0,1801
8303600,575.0,870
8308736,1105.0,1223
8311344,1775.0,2078
8311896,1570.0,1546
8312752,2180.0,2435
8314528,1200.0,1366
8315192,1230.0,1685
8318120,1925.0,2146
8320936,2660.0,2661
8321520,745.0,791
8321584,1175.0,1606
8323240,1350.0,1487
8326152,1170.0,1782
8327832,1615.0,1885
8328104,605.0,815
8329432,600.0,989
8333784,1830.0,1958
8334280,1175.0,1668
8334984,605.0,1104
8335608,1120.0,1546
8340128,2710.0,3200
8340144,805.0,733
8340512,1175.0,1551
8341656,685.0,756
8341656,1115.0,1528
8341680,600.0,837
8346416,1785.0,2323
8347056,1205.0,1659
8349200,1155.0,1134
8351160,1175.0,1377
8354512,1440.0,1604
8356608,1525.0,2012
8360392,1405.0,1399
8360440,1805.0,2348
8362328,2300.0,2584
8363784,1200.0,1578
8365968,2140.0,2444
8366528,1435.0,1502
8368280,1175.0,1459
8368688,2460.0,2704
8372448,1180.0,1501
8374712,1145.0,1548
8375312,1740.0,1865
8376352,1200.0,1298
8376920,1430.0,1642
8377416,990.0,1361
8383512,1405.0,1853
8383520,600.0,763
8384784,1585.0,2063
8386944,1435.0,1529
8387896,1370.0,1931
8388432,1200.0,1439
8389440,1145.0,1636
8393856,1975.0,2318
8394552,1390.0,1380
8396024,1230.0,1405
8397256,1315.0,1717
8398000,1205.0,1263
8402584,1880.0,1955
8403728,545.0,809
8404168,1790.0,1841
8405152,1430.0,1141
8406888,1405.0,1542
8407280,2145.0,2356
8408632,1230.0,1329
8413272,1290.0,1336
8413472,2625.0,2452
8417072,1370.0,1613
8418680,570.0,676
8418808,1175.0,1441
8419400,1860.0,1959
8420672,1835.0,1940
8421048,1405.0,1552
8423192,1805.0,2038
8424096,1175.0,1328
8424104,545.0,879
8424168,560.0,686
8428648,715.0,1156
8429488,545.0,674
8432088,1170.0,1660
8435424,1090.0,1415
8435984,1175.0,1477
8436976,1465.0,1991
8437336,820.0,981
8442688,2545.0,2752
8445240,1230.0,1644
8446488,2490.0,2912
8446976,1230.0,1444
8449032,1965.0,2548
8449576,1170.0,1575
8450608,1235.0,1659
8453328,800.0,794
8453520,1000.0,879
8454224,1170.0,1442
8454384,1920.0,2300
8455056,605.0,685
8455520,1230.0,1285
8459984,545.0,808
8462584,1320.0,1694
8463168,1125.0,1570
8466440,1200.0,1639
8466920,1295.0,1587
8469208,1015.0,1711
8469376,1135.0,1174
8473648,1205.0,1310
8474232,2010.0,2397
8475080,545.0,713
8475408,545.0,775
8475768,2295.0,2673
8476192,1355.0,1701
8477168,1000.0,1281
8480048,605.0,800
8480696,550.0,702
8485808,1935.0,2421
8486448,1315.0,1380
8487776,1235.0,1693
8488848,1230.0,1635
8492840,1760.0,1959
8493168,1170.0,1640
8499888,1530.0,1760
8500016,600.0,897
8500456,2435.0,3033
8500968,1145.0,1515
8502096,1905.0,2675
8503520,2000.0,2134
8503640,965.0,1309
8504680,695.0,464
8505672,1975.0,2237
8508712,500.0,649
8510208,1175.0,1290
8510720,545.0,755
8512296,485.0,828
8513056,1400.0,1575
8513328,1115.0,1664
8514288,1200.0,1331
8514880,1430.0,1598
8519384,1205.0,1334
8521096,1145.0,1297
8524312,1200.0,1373
8524904,1175.0,1576
8525456,1230.0,1396
8525744,600.0,795
8525800,1170.0,1593
8526320,1170.0,1430
8528736,1815.0,2316
8530848,540.0,638
8534656,910.0,1293
8537280,1430.0,1547
8537688,600.0,1119
8537952,1090.0,1562
8539416,1430.0,1702
8540472,1175.0,1769
8541456,580.0,850
8542472,1200.0,1453
8545896,545.0,678
8546504,2490.0,3176
8549136,1120.0,1482
8549448,1400.0,1437
8554048,1860.0,2045
8554768,1205.0,1537
8554824,1520.0,1671
8554880,1975.0,1933
8555648,865.0,1219
8555840,545.0,799
8559520,545.0,684
8560536,1175.0,1754
8560736,570.0,732
8565248,1170.0,1303
8565344,880.0,1188
8567944,2305.0,2351
8571096,520.0,719
8573184,1200.0,1556
8576776,2315.0,2641
8577032,1700.0,2062
8578936,2720.0,3021
8580416,575.0,904
8580688,2290.0,2646
8580896,1745.0,1956
8581824,570.0,599
8582920,575.0,768
8584952,1700.0,1732
8586872,570.0,747
8588856,570.0,742
8590096,1430.0,1395
8592856,1370.0,1379
8595800,2055.0,1923
8596760,3120.0,3602
8599952,1200.0,1387
8600528,2145.0,2480
8600776,1010.0,1335
8601576,1555.0,2078
8602888,945.0,766
8603376,1090.0,1315
8606600,610.0,728
8606752,2345.0,2485
8611520,1115.0,1446
8612624,1155.0,1512
8614616,1170.0,1466
8617272,2615.0,2684
8617880,520.0,657
8618760,1175.0,1520
8621160,570.0,818
8621696,2185.0,2290
8625704,2465.0,3016
8628704,1200.0,1353
8628872,1060.0,1264
8629784,2390.0,2879
8632968,1200.0,1409
8634160,1685.0,2111
8634768,545.0,737
8635832,2895.0,3039
8638192,1770.0,2129
8639032,785.0,1156
8641248,1370.0,1568
8642720,1980.0,2127
8644984,805.0,744
8647496,1175.0,1458
8647528,1200.0,1671
8649232,1340.0,1380
8649504,1905.0,2067
8653632,1145.0,1548
8655112,570.0,735
8656176,2365.0,2676
8658608,1095.0,1703
8658632,1435.0,1388
8659376,540.0,718
8660728,1820.0,2251
8661536,1170.0,1504
8663560,555.0,616
8667192,515.0,707
8667888,2440.0,2549
8670448,1345.0,1784
8671864,695.0,1038
8674832,1830.0,2028
8676416,545.0,746
8677432,2085.0,2088
8678488,2170.0,2389
8679896,1175.0,1588
8679968,2805.0,3107
8681200,555.0,598
8682256,1140.0,1299
8684624,605.0,899
8686520,2030.0,2329
8688968,1050.0,1134
8690760,1235.0,1349
8691688,770.0,646
8692392,1975.0,2195
8693992,1835.0,1938
8695344,600.0,797
8696312,1215.0,1461
8700128,545.0,767
8700792,2215.0,2317
8701312,2265.0,2514
8701672,570.0,791
8702952,1075.0,1320
8705920,745.0,724
8707768,1665.0,2010
8707768,465.0,602
8708920,1205.0,1576
8709336,1815.0,2322
8710208,820.0,1177
8711824,600.0,738
8713240,400.0,684
8714088,1545.0,1597
8718272,575.0,629
8719112,1435.0,1418
8721064,2155.0,2424
8721440,1150.0,1404
8721608,1180.0,1534
8725496,515.0,798
8725928,1195.0,1763
8726616,1175.0,1566
8728144,460.0,885
8731376,2440.0,2807
8733864,575.0,992
8735320,1175.0,1714
8737312,1575.0,1477
8739072,1750.0,2204
8739304,2130.0,2629
8740152,1090.0,1501
8740368,605.0,631
8742368,1145.0,1374
8745864,485.0,849
8746384,605.0,779
8746664,770.0,787
8748368,910.0,1133
8748808,2340.0,2774
8749432,1175.0,1515
8753080,1860.0,2402
8755048,570.0,835
8758280,1205.0,1452
8758536,1125.0,1584
8758960,1815.0,2074
8762136,1370.0,1588
8763688,995.0,1326
8764704,1840.0,2290
8765328,2005.0,2065
8765560,1150.0,1314
8769976,1145.0,1377
8772952,1230.0,1802
8774144,1470.0,1983
8778008,1510.0,1790
8778496,1320.0,1617
8778904,575.0,744
8781696,2235.0,2046
8782048,1125.0,1509
8782504,2210.0,2225
8783848,485.0,618
8786264,2465.0,3016
8786424,240.0,490
8787864,1230.0,1715
8790560,1175.0,1569
8791976,1205.0,1285
8792192,605.0,741
8796744,910.0,1110
8797328,1155.0,1363
8797664,1200.0,1727
8799896,2170.0,2675
8800112,1740.0,2258
8802656,605.0,666
8808512,1245.0,1356
8809032,2005.0,2105
8812312,1685.0,2542
8813216,2465.0,2832
8815008,1860.0,2283
8818440,1835.0,1973
8818560,600.0,781
8820752,2455.0,2607
8820976,1070.0,1493
8823792,2420.0,2960
8825640,1725.0,2141
8826200,1230.0,1623
8829680,1400.0,1390
8830024,1200.0,1448
8833696,1215.0,1618
8836008,1775.0,2625
8836560,655.0,817
8837320,1090.0,1691
8838760,1145.0,1570
8839760,1575.0,1765
8841968,1340.0,1536
8842544,605.0,817
8844496,1170.0,1350
8846376,3120.0,3175
8848816,1170.0,1532
8849248,1350.0,1491
8851360,805.0,1174
8855168,1345.0,1578
8855192,600.0,797
8856280,640.0,879
8858328,1205.0,1494
8858392,1805.0,2329
8863016,575.0,981
8863192,2345.0,3054
8863208,2005.0,2339
8866976,1060.0,1473
8870400,1230.0,1501
8871512,2590.0,2519
8874776,1405.0,1446
8875232,1375.0,1527
8875424,1830.0,2393
8875728,2200.0,2175
8877096,600.0,837
8880160,1805.0,2121
8883992,570.0,862
8887304,1205.0,1485
8887544,1205.0,1477
8888960,2005.0,2181
8889288,1435.0,1757
8893128,2000.0,2294
8895280,600.0,997
8895912,3055.0,3617
8896128,1045.0,1517
8899888,1180.0,1366
8899968,2360.0,2476
8900144,1200.0,1357
8900992,1170.0,1681
8901384,630.0,1032
8905176,1200.0,1237
8905664,575.0,722
8910408,1145.0,1812
8912032,1230.0,1508
8912528,1150.0,1393
8915304,1575.0,1205
8915888,1520.0,1862
8916496,1795.0,2044
8917280,1985.0,2644
8921920,745.0,827
8922104,515.0,777
8923440,600.0,770
8925344,1230.0,1664
8926040,2305.0,2608
8926584,2405.0,2022
8927000,1485.0,1809
8928584,1230.0,1511
8932672,575.0,709
8933952,1045.0,1314
8934064,800.0,685
8934824,1560.0,1590
8936544,1230.0,1400
8939200,685.0,816
8940328,1785.0,2301
8942824,1810.0,2030
8944664,605.0,683
8944824,1175.0,1345
8946768,1200.0,1493
8947600,1430.0,1382
8950880,3110.0,3105
8951624,540.0,850
8951720,1205.0,1424
8953792,575.0,774
8957584,2565.0,2954
8960688,1960.0,2233
8961472,1200.0,1324
8963616,1380.0,1487
8964160,2200.0,2437
8964216,1145.0,1574
8967672,1315.0,1261
8967720,1430.0,1741
8969944,480.0,716
8970208,2600.0,2930
8973296,1205.0,1576
8975272,1375.0,1725
8975296,1405.0,1460
8976432,1105.0,1534
8979640,1145.0,1490
8980040,1215.0,1546
8980336,1115.0,1266
8982120,515.0,853
8984208,1170.0,1364
8985152,440.0,689
8986904,1155.0,1454
8987376,1750.0,2179
8991176,1100.0,1132
8992488,575.0,639
8992568,1540.0,1529
8994528,1205.0,1290
8996656,2195.0,2528
8998600,1385.0,1681
8999232,2165.0,2399
9002824,1830.0,1990
9005944,1430.0,1672
9006304,545.0,884
9009416,1835.0,2116
9009672,745.0,856
9011704,1425.0,1881
9011808,1430.0,1651
9013664,2005.0,2392
9016696,2600.0,3190
9018048,1180.0,1468
9019904,1230.0,1311
9020472,1075.0,1350
9021368,1665.0,1928
9022920,1345.0,1402
9027480,600.0,947
9029104,1770.0,1930
9031568,1600.0,1690
9032096,1530.0,1925
9033768,1435.0,1662
9034416,1200.0,1631
9034808,555.0,713
9036384,2360.0,3072
9036616,1200.0,1712
9042240,1605.0,1334
9043712,1065.0,1243
9044224,1710.0,2093
9046088,1745.0,1749
9046760,1200.0,1494
9047064,1605.0,1306
9050232,570.0,815
9051592,745.0,604
9052960,1805.0,2072
9053064,745.0,750
9053488,1830.0,2384
9054736,1235.0,1562
9057680,1230.0,1449
9059592,575.0,763
9059608,540.0,818
9062944,1350.0,1589
9063120,1345.0,1441
9064560,1200.0,1450
9065456,2110.0,2654
9066304,1205.0,1446
9067072,745.0,933
9072080,1575.0,1561
9072104,1815.0,1803
9074456,1205.0,1417
9075440,1170.0,1562
9079376,1150.0,1538
9082584,1790.0,2141
9082984,1980.0,2303
9083688,1230.0,1448
9084944,1175.0,1608
9085880,545.0,813
9087664,1200.0,1528
9087688,2525.0,2673
9088976,525.0,661
9090160,575.0,897
9095360,1200.0,1597
9095528,2160.0,2634
9096320,1230.0,1305
9096456,545.0,935
9097936,1200.0,1624
9099904,1180.0,1530
9100928,1380.0,1655
9106424,1345.0,1362
9108792,1125.0,1542
9109672,1230.0,1669
9111400,1175.0,1437
9111768,2160.0,2701
9113472,1340.0,1568
9114968,575.0,772
9115640,600.0,746
9115800,1835.0,2233
9115880,2115.0,2565
9116864,575.0,683
9125112,1715.0,2336
9125624,1295.0,1519
9126128,1170.0,1395
9128032,1205.0,1396
9129104,2075.0,2167
9132248,2030.0,2056
9132480,2030.0,2075
9135976,1835.0,2542
9136096,1225.0,1246
9136704,1145.0,1385
9137296,1200.0,1523
9139824,1090.0,1340
9140472,1205.0,1555
9144888,1545.0,1551
9145912,575.0,680
9146208,1405.0,1745
9147008,545.0,898
9148272,1345.0,1537
9148760,1405.0,1583
9150176,605.0,661
9152640,545.0,704
9154296,2040.0,2125
9154792,1965.0,2261
9157144,1120.0,1404
9158040,1145.0,1479
9160128,1145.0,1482
9160368,600.0,697
9161024,1200.0,1533
9164584,1175.0,1493
9165408,1145.0,1389
9166432,1920.0,2032
9170008,1150.0,1608
9171040,1090.0,1364
9171720,1495.0,1419
9172896,1200.0,1484
9175872,1960.0,2229
9176328,1140.0,1365
9178512,1150.0,1510
9181808,1805.0,2153
9181928,605.0,700
9182376,1245.0,1417
9183696,545.0,978
9184008,1065.0,1389
9186640,1890.0,2079
9187184,540.0,657
9190264,1775.0,2318
9190368,1175.0,1482
9193392,920.0,1173
9195984,540.0,702
9196688,1120.0,1624
9197768,1860.0,1995
9199792,1760.0,2177
9199960,1200.0,1597
9200424,1230.0,1723
9203736,570.0,969
9204544,1170.0,1394
9205480,1525.0,1902
9208944,1230.0,1532
9210760,1450.0,1624
9214592,1125.0,1357
9214616,1205.0,1832
9216696,1175.0,1519
9217256,1200.0,1472
9217880,685.0,890
9220504,2540.0,2589
9226688,1230.0,1509
9226728,2910.0,3288
9227144,575.0,830
9228016,1130.0,1267
9230304,2575.0,2670
9237616,2105.0,2615
9238616,1200.0,1486
9238800,2335.0,2693
9238864,1115.0,1465
9238880,2725.0,3036
9239264,1230.0,1572
9240336,1205.0,1540
9248384,1775.0,2260
9249968,1175.0,1419
9250464,1145.0,1458
9251752,1235.0,1561
9255552,2035.0,2242
9256632,1805.0,2037
9256824,2005.0,2243
9260720,575.0,646
9260752,905.0,1125
9261736,1170.0,1669
9262456,2400.0,2949
9263608,775.0,848
9267096,1830.0,2141
9267352,1375.0,1340
9267792,1920.0,2166
9267904,600.0,898
9271080,600.0,934
9271608,1145.0,1357
9274024,570.0,765
9274936,1175.0,1650
9277360,600.0,785
9278624,490.0,877
9279768,2035.0,2164
9281032,1235.0,1710
9283744,1560.0,1994
9285192,570.0,821
9286640,1830.0,2443
9286968,1375.0,1504
9287048,1370.0,1628
9287944,1340.0,1323
9289896,575.0,769
9291320,605.0,766
9293128,1230.0,1670
9295008,570.0,883
9296704,1535.0,1959
9298248,1575.0,1400
9298752,1230.0,1473
9305368,1670.0,1934
9305752,1205.0,1804
9308584,1205.0,1485
9309744,1205.0,1437
9309848,2835.0,2901
9311264,1860.0,2267
9311440,1600.0,1586
9313728,2230.0,2340
9317536,1070.0,1521
9317888,1295.0,1517
9319784,1230.0,1400
9321600,1200.0,1482
9322656,1230.0,1601
9322664,570.0,641
9322904,1070.0,1455
9325824,1155.0,1512
9329328,770.0,803
9329816,1575.0,1491
9331208,2375.0,2471
9334144,1230.0,1795
9335408,990.0,1198
9335568,1145.0,1613
9338136,1960.0,2067
9339136,970.0,1226
9339960,1745.0,2163
9343088,1175.0,1485
9345632,1350.0,1436
9348368,1200.0,1620
9348560,2330.0,2343
9348800,1205.0,1654
9351056,1060.0,1490
9354040,575.0,709
9356792,1175.0,1395
9359472,2300.0,2439
9359568,575.0,691
9359864,1175.0,1383
9360648,1235.0,1511
9362264,1175.0,1401
9362352,2520.0,3027
9367136,720.0,811
9367752,2405.0,3083
9372552,1435.0,1586
9373832,1175.0,1435
9376352,1890.0,2445
9383128,1780.0,1922
9383288,940.0,1342
9383880,2635.0,3051
9384728,2110.0,2808
9386200,2630.0,3329
9388696,2140.0,2695
9389288,575.0,570
9392072,1930.0,1965
9392984,1205.0,1232
9394656,570.0,671
9395768,1200.0,1486
9395792,2360.0,2745
9396016,1200.0,1227
9396152,800.0,932
9396680,1400.0,1674
9401280,600.0,689
9402592,1405.0,1315
9406336,1175.0,1318
9406744,1235.0,1511
9408504,1430.0,1478
9410640,1760.0,2207
9412840,1570.0,2086
9417968,770.0,641
9418816,2630.0,2850
9418824,1430.0,1510
9421432,2120.0,2355
9421872,1495.0,1942
9423792,2675.0,2814
9424504,1605.0,1733
9425504,600.0,836
9431552,1230.0,1591
9431912,600.0,1015
9432592,2735.0,3011
9435968,1860.0,2250
9436408,1060.0,1363
9438096,490.0,818
9438984,1945.0,2139
9441224,1930.0,2474
9444912,1575.0,1625
9445728,2475.0,2653
9448264,1375.0,1959
9449272,1170.0,1397
9449576,1495.0,1646
9451648,1180.0,1583
9453344,570.0,952
9455104,570.0,855
9455392,1150.0,1771
9458856,1375.0,1743
9460360,2585.0,3049
9461872,1175.0,1575
9462800,1405.0,1653
9465320,575.0,620
9465328,1405.0,1710
9466176,1230.0,1604
9467656,1375.0,1569
9467680,1155.0,1536
9472184,1230.0,1666
9472552,600.0,904
9473336,570.0,895
9474064,1170.0,1524
9474352,575.0,834
9476704,1475.0,1738
9478720,1065.0,1383
9479616,745.0,929
9482728,950.0,1272
9483064,1830.0,2217
9484920,490.0,1027
9485080,1145.0,1468
9485672,570.0,869
9487968,550.0,613
9491152,540.0,779
9491824,460.0,843
9492296,605.0,828
9494376,2150.0,2539
9497024,2120.0,2176
9497272,545.0,681
9498104,2865.0,2969
9499808,1200.0,1480
9500096,1705.0,2171
9503752,575.0,841
9504096,1260.0,1618
9506744,600.0,867
9507360,1175.0,1623
9507616,1175.0,1915
9508192,1155.0,1365
9509256,1175.0,1394
9509832,890.0,1217
9513136,570.0,799
9515200,800.0,980
9517832,1230.0,1760
9518576,1175.0,1370
9519376,1790.0,1910
9522056,1400.0,1733
9522832,1235.0,1697
9523416,1230.0,1698
9524968,605.0,799
9525704,1230.0,1571
9526808,770.0,929
9527256,1435.0,1507
9531744,1430.0,1739
9536928,1145.0,1762
9537408,1630.0,1555
9538848,1430.0,1505
9540032,1400.0,1597
9540352,1830.0,2117
9541024,1835.0,2371
9543048,965.0,1413
9544184,745.0,847
9544680,2120.0,2372
9546376,545.0,753
9546832,545.0,726
9549088,1200.0,1520
9549528,545.0,668
9550480,935.0,1306
9553608,570.0,847
9556208,1070.0,1229
9557544,1895.0,2337
9562480,2005.0,2225
9562520,770.0,789
9562656,1230.0,1696
9563320,2545.0,2534
9563912,1485.0,1798
9568744,600.0,761
9569776,2325.0,2412
9572392,830.0,1134
9575000,2525.0,2674
9575832,1205.0,1490
9575936,1345.0,1682
9576168,1750.0,2328
9578056,1835.0,1942
9581816,1325.0,1634
9581952,1380.0,1522
9583568,1205.0,1397
9586360,1175.0,1274
9586648,1230.0,1456
9586904,960.0,1371
9587856,1145.0,1503
9589248,1170.0,1399
9590152,600.0,823
9597424,1375.0,1196
9597952,1830.0,2017
9599224,1075.0,1540
9599720,1175.0,1634
9601552,2075.0,2450
9601568,1205.0,1427
9603768,545.0,793
9608720,2260.0,2434
9609536,1375.0,1448
9609680,2490.0,2915
9610592,600.0,853
9614240,1170.0,1584
9614376,1120.0,1603
9621264,1405.0,1568
9622136,1175.0,1557
9622672,2870.0,2931
9623760,2890.0,3005
9624152,1780.0,1827
9624712,1355.0,1765
9626672,1175.0,1554
9633048,605.0,797
9633592,695.0,1110
9634520,2060.0,2518
9634736,1265.0,1575
9636248,1230.0,1512
9636928,1170.0,1646
9639648,2005.0,2298
9640312,1975.0,2205
9645104,750.0,1022
9646640,1235.0,1699
9647344,1230.0,1576
9651624,1145.0,1497
9652200,1955.0,2210
9652928,1755.0,2085
9653672,2420.0,2510
9655216,1170.0,1863
9657152,1170.0,1506
9658392,555.0,774
9660952,1205.0,1789
9661448,1495.0,1763
9661648,520.0,804
9662976,1200.0,1419
9664504,1375.0,1447
9665160,605.0,846
9666416,1400.0,1593
9669128,605.0,769
9669152,1120.0,1500
9669784,935.0,1104
9671360,570.0,775
9671688,515.0,898
9675584,1205.0,1742
9677576,1175.0,1395
9679520,2005.0,2259
9681520,1070.0,1546
9682552,1170.0,1399
9683976,525.0,800
9685792,1035.0,1763
9687800,1175.0,1527
9688672,1830.0,2443
9689320,1205.0,1225
9689928,515.0,922
9691280,2805.0,2687
9694896,1575.0,1672
9696320,1375.0,1543
9697608,1380.0,1477
9697984,770.0,1083
9698416,1435.0,1327
9701184,1175.0,1407
9702096,1200.0,1678
9702904,720.0,1001
9703136,1375.0,1482
9708760,1400.0,1555
9708912,515.0,852
9708944,1145.0,1417
9711000,1375.0,1627
9711264,1230.0,1606
9712352,1210.0,1152
9714880,540.0,746
9717384,485.0,765
9718032,1925.0,1891
9718120,1860.0,2117
9720496,1230.0,1467
9720984,1205.0,1505
9722280,810.0,925
9724704,1200.0,1713
9728816,240.0,514
9729112,1825.0,2095
9729744,1155.0,1464
9731264,1205.0,1643
9732168,1145.0,1459
9733696,1595.0,2039
9734216,1430.0,1654
9734328,770.0,652
9736536,1005.0,965
9737512,1760.0,1904
9739992,545.0,708
9740040,1000.0,793
9740072,945.0,732
9743888,1350.0,1578
9746440,515.0,800
9747104,1745.0,1867
9749640,1170.0,1638
9749776,1050.0,1533
9753264,1600.0,1649
9753616,600.0,814
9754488,2635.0,3093
9758416,1805.0,2303
9760208,1200.0,1321
9761216,725.0,841
9761400,1565.0,2189
9761976,1230.0,1525
9764504,1405.0,1405
9765344,1775.0,2363
9766064,1170.0,1556
9768016,520.0,850
9769128,570.0,894
9773064,725.0,965
9773096,545.0,879
9773208,1230.0,1849
9776120,600.0,874
9776176,1375.0,1847
9778728,1185.0,1778
9779448,2215.0,2405
9780536,515.0,934
9782736,1300.0,1840
9785128,525.0,800
9785576,1230.0,1546
9787584,1230.0,1811
9787944,1240.0,1478
9788920,570.0,773
9789784,1095.0,1292
9789920,1430.0,1718
9790552,620.0,622
9795512,535.0,824
9795560,545.0,626
9797984,1400.0,1607
9798408,1145.0,1353
9799440,1830.0,2363
9801176,985.0,1407
9802072,1180.0,1536
9802304,600.0,843
9803592,570.0,701
9805536,1750.0,2199
9808584,1175.0,1634
9809800,515.0,937
9811816,1100.0,1547
9811968,1045.0,1695
9812800,1350.0,1453
9814992,1175.0,1615
9815544,1100.0,1494
9820032,1445.0,1812
9820432,1230.0,1481
9821792,515.0,850
9823232,1175.0,1679
9824376,1330.0,1447
9828648,1145.0,1638
9830528,2145.0,2320
9834384,2250.0,2821
9835216,1325.0,1678
9835304,1625.0,1909
9837888,1555.0,1832
9837920,1215.0,1693
9838416,2110.0,2248
9842384,520.0,896
9842560,1330.0,1739
9846160,1230.0,1472
9846184,2070.0,1957
9848096,1130.0,1599
9852440,1345.0,1819
9852680,1665.0,1845
9854336,1805.0,1990
9858088,605.0,706
9859920,2010.0,2192
9860024,1635.0,1733
9861400,1175.0,1663
9862488,2290.0,2491
9863176,1805.0,2124
9866904,800.0,873
9867144,1200.0,1601
9869984,1835.0,2163
9870032,1400.0,1493
9872856,970.0,714
9874064,1210.0,1755
9874808,1430.0,1454
9875320,1200.0,1604
9880824,1835.0,2428
9881992,800.0,898
9884304,1990.0,2175
9885864,1430.0,1626
9886480,1230.0,1552
9887120,1745.0,2136
9887256,1175.0,1492
9887528,2015.0,2193
9892232,570.0,622
9892336,1175.0,1439
9893256,570.0,847
9896304,1230.0,1500
9896912,950.0,1224
9899704,1835.0,2214
9904136,1150.0,1488
9904432,1865.0,2113
9904656,1530.0,1425
9905736,800.0,1179
9908496,2100.0,2829
9911648,1390.0,1842
9912664,600.0,866
9912888,2180.0,2569
9916808,1200.0,1547
9917160,540.0,1083
9917304,1200.0,1581
9917440,1235.0,1663
9918096,2230.0,2299
9919344,770.0,807
9922464,525.0,707
9923960,570.0,733
9928320,1230.0,1395
9929008,605.0,631
9929744,605.0,910
9932648,2250.0,2625
9932920,1835.0,2532
9933824,1585.0,2048
9934456,600.0,681
9934608,1985.0,2163
9938080,2210.0,2342
9939952,575.0,668
9940040,605.0,698
9940608,470.0,848
9940656,1345.0,1364
9942024,1205.0,1713
9945528,570.0,931
9945976,545.0,665
9950976,2005.0,2257
9951064,1545.0,1389
9951624,2030.0,2372
9952336,1235.0,1537
9952848,1200.0,1353
9957088,1240.0,1445
9957520,1645.0,2114
9957952,555.0,861
9958176,1365.0,1525
9958312,490.0,747
9962064,1200.0,1386
9963480,540.0,799
9964312,1400.0,1586
9965136,1205.0,1536
9965536,775.0,920
9968920,1175.0,1371
9968968,1090.0,1431
9973088,1580.0,1378
9974752,575.0,723
9975512,920.0,1297
9975720,2165.0,2176
9977208,1405.0,1716
9979480,1210.0,1743
9981416,1375.0,1562
9982248,600.0,816
9983200,815.0,961
9983552,1865.0,2405
9986608,1325.0,1690
9988640,1075.0,1429
9988704,605.0,807
9991008,855.0,1441
9991376,800.0,1022
9993432,685.0,853
9997880,2380.0,2891
